Playoffs,OPts,OYds,DPts,DYds,T/G,Pts±,Yds±,MoV,SoS,SRS,OSRS,DSRS
MP,11,8,11,11,4,9,5,4.9,0.3,5.2,3.6,1.6
NP,13,6,12,13,17,13,11,2.7,-0.1,2.6,1.5,1
NP,16,21,28,32,18,23,29,-5.1,1.8,-3.2,-0.3,-2.9
NP,32,32,26,20,29,32,32,-12.5,1,-11.5,-9.6,-1.9
NP,25,22,19,6,23,24,15,-4.1,0.4,-3.7,-4,0.2
NP,6,9,14,2,17,7,1,3.5,-1.9,1.6,2.4,-0.8
MP,2,1,7,5,4,2,2,11,1.3,12.3,9,3.4
MP,24,24,5,24,5,16,27,0.7,1.3,2,-2.4,4.4
NP,16,12,7,6,17,10,7,3.4,3,6.4,2.7,3.7
NP,31,32,17,12,17,27,31,-6.7,3.5,-3.2,-4.8,1.6
NP,24,19,17,18,28,21,25,-2.3,0,-2.2,-1.7,-0.5
NP,26,31,30,29,22,31,32,-9.1,-3.6,-12.7,-5.6,-7.1
MP,11,14,14,20,24,12,17,3.1,-3.4,-0.3,0.1,-0.4
MP,3,4,28,19,17,18,11,0.1,-1.9,-1.9,4.1,-6
NP,7,12,27,17,22,15,13,0.3,-4.3,-3.9,1.9,-5.9
NP,19,18,29,29,12,25,25,-4.7,-2.2,-6.9,-2.6,-4.3
NP,17,8,26,8,30,23,3,-4.8,-0.2,-5,-2,-3
NP,26,27,12,12,18,21,26,-2.4,-2.5,-4.9,-5.1,0.2
NP,32,27,32,26,30,32,28,-14.2,1.6,-12.6,-6.3,-6.2
NP,29,27,29,29,27,31,30,-9.7,-0.2,-9.9,-5.4,-4.5
NP,20,18,22,28,18,21,29,-3,-1.2,-4.2,-1.5,-2.6
NP,29,24,30,30,30,30,27,-14.6,-0.7,-15.2,-7.2,-8.1
NP,30,29,27,22,30,27,29,-8.6,-0.2,-8.8,-5.5,-3.2
MP,15,13,24,21,11,18,17,-3.3,-4.1,-7.4,-1.6,-5.8
NP,25,24,25,27,29,27,29,-6,-0.4,-6.4,-2.6,-3.8
NP,22,13,26,21,26,26,17,-6.1,-1.4,-7.5,-1.7,-5.8
NP,27,24,30,26,16,29,27,-9.2,1.7,-7.5,-3.5,-4
NP,27,25,4,3,8,17,10,-2,-0.3,-2.3,-5.6,3.3
NP,9,8,7,21,21,8,14,3.6,0.4,3.9,1.9,2.1
NP,24,17,20,24,26,23,19,-5.6,2.5,-3.1,-2.9,-0.1
NP,27,27,22,16,14,24,27,-9.3,3.8,-5.4,-4.9,-0.5
NP,24,18,24,18,22,26,19,-8,1.3,-6.7,-1.9,-4.8
NP,25,25,20,26,25,25,25,-7.4,0.3,-7.1,-4,-3.1
NP,11,4,27,14,22,19,7,-3.4,0.2,-3.2,0.5,-3.7
NP,7,6,23,25,10,14,15,-0.4,-0.5,-0.9,2.2,-3.1
NP,28,26,21,4,19,25,20,-8.3,0.2,-8.1,-6.5,-1.6
NP,27,17,24,15,22,25,19,-8.5,-1.6,-10.1,-4.5,-5.6
NP,4,3,17,8,17,8,3,4.9,0.5,5.4,6.2,-0.9
NP,9,17,25,6,15,21,15,-3.4,2.3,-1.1,2.5,-3.6
MP,25,23,12,14,16,23,22,-3.9,1.2,-2.7,-4.1,1.4
NP,18,19,27,23,20,25,24,-5.8,1.1,-4.7,0.1,-4.8
NP,19,22,21,19,17,20,19,-3.2,0.8,-2.4,-1.7,-0.7
NP,17,10,21,16,21,20,13,-3.2,0.4,-2.7,-0.7,-2
NP,23,7,15,13,7,23,7,-3,0.5,-2.5,-2.6,0
NP,11,7,23,24,19,18,15,-1.1,-0.3,-1.4,2.6,-4
NP,8,3,16,12,14,12,6,3,-0.4,2.6,3.5,-1
MP,7,5,11,18,16,9,10,5.7,-2.2,3.5,3.4,0.1
MP,9,10,8,17,4,7,12,4.8,1,5.8,2.8,3
NP,11,12,23,26,18,19,25,-5.6,2.3,-3.3,1.8,-5.1
NP,23,25,18,25,23,21,24,-7.9,2.2,-5.7,-4.5,-1.2
NP,20,14,15,20,23,17,19,-3.4,-0.8,-4.2,-4,-0.2
NP,4,3,5,10,11,4,5,6.9,0.5,7.4,3.8,3.6
NP,5,9,14,16,10,12,16,-5.4,-1.7,-7,0.8,-7.8
NP,4,7,8,12,14,7,10,2.6,-0.7,1.8,1.7,0.1
NP,8,4,12,10,16,10,6,-1.6,-0.7,-2.4,1.4,-3.8
NP,26,29,29,26,25,28,29,-8.6,0.1,-8.5,-4.2,-4.3
NP,16,18,19,29,13,18,25,-1.1,1.9,0.7,-0.1,0.8
NP,13,5,23,20,24,19,12,-1.1,1.1,-0.1,0.3,-0.4
NP,10,6,25,28,15,17,17,-0.6,0.4,-0.1,2.5,-2.6
MP,15,8,8,9,19,11,7,2.4,1.9,4.3,1.1,3.2
MP,1,2,27,25,4,2,4,8.4,0.1,8.5,10.5,-2
NP,21,7,14,16,27,15,10,-0.4,-3.4,-3.8,-4,0.3
NP,12,8,27,32,11,24,23,-2.3,-1.6,-3.8,0.6,-4.4
NP,20,14,27,27,24,25,26,-5.6,2.9,-2.8,1.2,-3.9
MP,7,8,5,24,5,5,14,7.5,-1.1,6.4,2,4.5
MP,7,10,18,12,5,10,7,3.3,0.3,3.5,1.8,1.7
MP,5,16,5,16,3,4,14,7.9,-1.8,6.1,3.8,2.2
NP,13,16,14,21,11,15,19,2.4,2.7,5,2.7,2.3
MP,10,6,11,24,21,11,19,4.1,-0.3,3.8,1.3,2.5
NP,29,23,29,29,10,30,27,-9.7,-0.9,-10.6,-5.8,-4.8
NP,25,12,15,22,8,21,16,-2.3,-0.8,-3,-2.8,-0.2
NP,14,12,18,22,17,16,20,0.6,-1.9,-1.2,1.1,-2.3
MP,16,20,14,14,17,14,17,0.2,-2.4,-2.2,-1.8,-0.4
NP,20,29,30,32,14,28,31,-7.7,0.3,-7.4,-2,-5.4
MP,5,14,8,19,5,4,16,5.5,-0.4,5.1,3.5,1.5
NP,23,15,24,30,13,26,28,-5.4,0.7,-4.7,-2.7,-2
NP,27,30,26,25,23,27,29,-10.1,1.5,-8.6,-5.7,-2.9
NP,23,27,25,16,31,26,28,-5.9,-1.1,-7.1,-4,-3
MP,4,7,4,8,1,3,7,9.6,0.4,10,7,3
NP,18,23,21,20,11,19,23,-2.6,-1.6,-4.2,-1.2,-2.9
NP,19,17,30,29,29,29,26,-9.5,0.4,-9.1,-0.2,-8.9
MP,11,10,19,29,4,15,23,0.8,-0.7,0.1,0.9,-0.9
NP,15,7,24,27,18,23,22,-4.3,0,-4.3,-1.2,-3.1
NP,12,11,28,25,28,23,21,-4.3,-0.1,-4.4,0.8,-5.2
NP,11,10,28,28,23,22,22,-5.4,1.4,-4.1,2.3,-6.4
MP,5,8,20,24,14,12,15,1.4,2,3.4,4.7,-1.3
NP,10,10,21,19,18,17,17,-1.1,-1.1,-2.1,0.9,-3.1
NP,22,24,28,28,5,26,27,-9.9,0.8,-9.1,-3.2,-5.9
NP,25,25,11,25,12,22,27,-4.4,-0.1,-4.5,-5,0.5
NP,28,28,28,28,28,28,28,-15.4,1.6,-13.8,-7.9,-5.9
NP,21,17,6,7,12,16,11,0,-0.5,-0.5,-2.8,2.3
NP,26,20,28,25,9,27,23,-10.6,1.7,-8.9,-2.1,-6.8
NP,22,19,22,15,23,23,19,-6.3,-0.3,-6.6,-3.7,-2.9
NP,10,8,23,25,14,18,18,-1.2,2,0.9,2.9,-2.1
MP,14,9,21,14,7,18,11,-1.8,-2,-3.8,-0.5,-3.3
NP,2,7,18,14,9,7,13,4.4,-0.5,4,6.5,-2.6
MP,5,3,5,16,1,4,9,8.3,-0.5,7.8,4.5,3.4
NP,19,17,26,25,20,26,23,-5.5,-1.1,-6.6,-1.9,-4.7
MP,26,26,14,5,19,24,21,-3.1,-1.5,-4.6,-3.7,-0.9
NP,25,25,1,2,1,9,16,3.6,-3.1,0.5,-6.1,6.6
NP,24,27,22,20,18,25,27,-10,-0.3,-10.3,-6.7,-3.5
NP,19,20,15,22,19,15,20,-3.5,0,-3.5,-2.7,-0.8
NP,26,26,16,15,26,26,26,-11.4,-0.9,-12.3,-9.7,-2.6
NP,7,15,9,6,9,8,7,6.7,-0.9,5.9,2.3,3.5
NP,16,16,14,7,15,16,13,-0.4,-1.6,-1.9,-2.3,0.4
NP,13,15,13,8,11,13,12,-0.2,1.5,1.3,0.3,1
NP,22,23,10,11,16,19,22,-3.9,1.6,-2.3,-3.5,1.2
NP,11,13,6,9,2,8,13,0.6,2.3,2.8,0.3,2.5
NP,16,16,15,16,13,16,16,-15.6,3.7,-12,-6.4,-5.6
NP,16,16,16,16,15,16,16,-17.6,3.2,-14.5,-7.3,-7.2
NP,17,6,19,25,28,19,14,-0.3,0,-0.3,-0.3,0
MP,7,19,2,7,10,1,10,10.3,-2,8.3,3.9,4.3
MP,1,2,3,4,6,1,1,15.6,0.1,15.6,11,4.7
MP,13,9,2,1,22,6,1,6.4,0.6,7,0.6,6.4
NP,9,27,6,12,1,8,21,5.8,-2.4,3.4,2.2,1.2
NP,21,17,9,7,9,13,8,1.4,0.2,1.5,-1.1,2.6
NP,25,14,24,8,30,24,11,-4.6,2.6,-1.9,-0.7,-1.2
MP,8,12,6,8,14,6,8,6.7,-2.1,4.6,1.8,2.8
NP,25,29,12,12,22,20,23,-2,-1.5,-3.5,-5,1.4
MP,10,16,12,17,8,11,15,3.4,-0.5,2.9,1.9,1
MP,12,15,3,3,11,5,5,7,-0.9,6.1,2.6,3.5
MP,16,22,3,10,9,6,15,5.4,1,6.4,0.9,5.5
MP,9,13,3,3,4,6,8,8.1,-0.7,7.5,2.6,4.9
MP,11,18,3,2,3,1,5,8.8,1,9.8,4.2,5.6
NP,24,22,22,6,32,26,16,-6.8,0.1,-6.7,-5,-1.8
MP,12,17,1,1,1,3,6,9.5,-0.2,9.3,1.5,7.8
NP,25,24,10,5,28,18,17,-2.1,0.3,-1.8,-3.5,1.7
NP,20,31,6,6,5,9,23,3.1,3.1,6.1,-0.6,6.8
MP,8,21,6,3,9,6,10,6.9,-0.6,6.3,3.3,3
NP,23,26,19,22,17,22,27,-2.4,0.3,-2.1,-1.5,-0.6
MP,18,14,4,2,23,11,4,2.4,0.8,3.2,-0.8,4
MP,14,16,1,2,1,2,4,10.5,-2.5,8,0,8
NP,14,24,6,2,14,11,5,2.9,-2,0.9,-1.6,2.5
NP,26,26,16,22,23,20,25,-4.1,-1.3,-5.4,-5.2,-0.2
NP,16,9,18,25,23,18,15,-1.2,0.6,-0.6,-0.4,-0.2
NP,6,3,28,30,27,24,16,-4.4,1.4,-2.9,3.9,-6.8
MP,3,5,1,1,7,1,1,11.4,-1.6,9.8,5,4.8
MP,2,2,16,14,10,5,8,7.9,-0.2,7.7,7.1,0.6
MP,23,24,2,3,10,10,9,3.4,-1.3,2.2,-3.5,5.7
NP,30,30,18,2,23,28,18,-6.6,-0.3,-6.9,-6.3,-0.6
MP,22,29,18,26,7,21,29,-3.6,-0.5,-4,-3,-1
NP,10,16,16,19,7,14,20,1.3,-1.6,-0.3,1.8,-2.2
NP,12,13,15,19,8,13,14,1.3,-1.2,0,0.3,-0.2
NP,18,26,4,4,6,12,14,3.4,1.6,4.9,-0.4,5.3
NP,22,19,20,10,12,22,16,-3.1,-0.1,-3.2,-1.3,-1.9
NP,21,19,26,22,27,25,22,-5.7,-1,-6.7,-0.9,-5.8
NP,14,14,30,26,13,22,19,-3.9,0.5,-3.4,1.2,-4.5
NP,28,25,28,24,32,30,27,-8.9,4.3,-4.6,-1.5,-3.1
NP,28,30,16,19,11,23,26,-4.3,2.4,-1.8,-4.5,2.7
NP,23,25,14,14,27,20,24,-0.4,-3,-3.3,-2.8,-0.6
NP,30,30,18,31,6,25,31,-6.4,2.3,-4.1,-5.6,1.5
NP,23,30,10,18,23,17,30,-0.7,2.9,2.2,-0.2,2.4
NP,24,28,24,29,13,27,30,-6,0.2,-5.8,-4,-1.8
NP,7,25,8,2,7,6,10,6.9,1.1,8.1,4.6,3.5
NP,30,30,5,2,31,20,17,-2.3,1.3,-1,-5,4
NP,11,11,27,15,28,20,13,-1.1,0.9,-0.3,2.1,-2.3
NP,27,13,29,21,29,30,17,-9.7,0.2,-9.5,-3.9,-5.7
NP,20,9,18,3,10,22,3,-2.2,2.2,0,0.5,-0.5
MP,16,11,2,1,23,3,2,5.7,1.5,7.1,-0.2,7.4
MP,7,6,15,6,3,8,6,4.2,1,5.2,4.4,0.7
NP,29,25,23,9,28,28,16,-7,2.5,-4.5,-4,-0.5
MP,15,16,6,9,25,7,9,3.3,-0.4,2.9,-1,3.9
MP,13,20,12,13,11,13,16,0.9,-1.8,-0.9,-0.5,-0.4
NP,11,10,22,17,24,14,12,-1,0.8,-0.2,1.5,-1.8
MP,7,6,5,27,2,5,20,5.4,-0.6,4.8,1.8,3
MP,3,2,14,12,18,6,4,6.1,-1.9,4.3,4.7,-0.4
MP,2,1,19,27,9,3,5,8.8,-5.2,3.6,7.6,-4.1
MP,1,6,6,8,4,1,5,10.3,-1.7,8.6,5.7,2.9
MP,3,5,14,11,20,5,5,5.8,-1.4,4.3,3.8,0.5
MP,14,12,3,4,16,5,6,5.8,0.6,6.4,0,6.4
NP,24,16,12,12,24,19,16,-2.3,2.1,-0.2,-2.6,2.4
NP,20,19,20,24,28,23,22,-3.8,-2,-5.8,-5,-0.8
NP,28,25,20,17,28,28,24,-11.3,1.5,-9.8,-9.5,-0.2
NP,25,27,27,23,20,27,26,-12.8,0.7,-12,-5.3,-6.7
NP,23,25,18,24,21,22,28,-4.3,0.5,-3.8,-3.4,-0.4
NP,19,11,6,2,23,13,2,-0.4,1.9,1.5,-1.9,3.4
MP,20,8,6,7,16,14,4,2.2,-0.9,1.3,-2.5,3.9
MP,12,18,3,1,11,8,6,3.8,0.2,3.9,-1.6,5.5
NP,23,21,8,14,7,17,16,-0.7,0.4,-0.2,-3.3,3.1
NP,11,20,24,24,19,25,23,-3.3,0,-3.3,-0.1,-3.2
NP,26,8,25,23,25,28,17,-10.9,3,-7.9,-4.3,-3.7
NP,20,12,24,23,16,23,16,-8.4,-0.8,-9.2,-2.5,-6.7
NP,1,1,21,24,4,11,9,4.6,2.4,7.1,10.4,-3.4
MP,12,23,12,5,11,12,10,1.4,-0.4,1,-0.3,1.4
NP,15,10,10,14,8,12,10,2.1,-1.7,0.4,-1.8,2.1
NP,19,18,24,17,19,22,21,-8.6,1.4,-7.2,-1.6,-5.6
NP,26,25,26,25,26,26,26,-15,1.6,-13.4,-4.5,-8.9
NP,23,17,23,8,26,23,12,-9.5,-2.8,-12.3,-5.8,-6.5
NP,10,8,9,7,10,10,6,-9.2,0.9,-8.3,-4,-4.4
NP,10,10,8,5,6,9,10,-12,1.2,-10.8,-7.9,-2.9
NP,8,7,4,2,7,6,5,-3.4,-0.2,-3.7,-6.2,2.5
NP,29,30,21,2,29,26,19,-5.9,0.4,-5.5,-5,-0.5
NP,24,21,18,18,16,23,18,-3.3,2.2,-1.1,-2.4,1.3
NP,20,19,31,23,29,29,23,-8.1,1.1,-7,-1.9,-5.1
NP,14,10,19,15,15,16,12,-0.4,1.3,0.9,0.1,0.8
MP,12,19,11,7,16,12,14,2.3,2.1,4.3,1.7,2.7
NP,15,19,26,21,21,25,25,-2.1,1.1,-1,-0.2,-0.8
MP,1,11,6,6,1,1,5,12,-3.9,8.1,6,2.1
MP,19,16,21,10,13,23,12,-2.2,-0.9,-3.1,-2.4,-0.7
MP,18,26,2,2,6,4,12,7.8,1.4,9.2,0.6,8.6
NP,18,12,18,10,16,18,8,-0.4,1.2,0.8,-0.5,1.3
NP,5,7,27,28,13,20,11,-1.4,0.1,-1.3,2.6,-3.9
NP,32,32,26,18,25,32,31,-13.3,0.1,-13.2,-9.1,-4.1
NP,21,19,9,8,8,17,15,0.4,3.5,3.9,-0.6,4.5
MP,7,10,12,18,7,8,16,5.3,0.3,5.6,2.8,2.9
NP,26,29,15,16,13,21,23,-5,-0.8,-5.8,-5.7,-0.1
NP,27,24,8,7,23,20,14,-2.2,-0.5,-2.7,-4.2,1.5
MP,8,22,5,3,3,4,11,8.3,-3.2,5.1,3,2.1
NP,13,13,15,20,4,12,19,1,-1.7,-0.7,-0.8,0.1
MP,15,16,10,8,25,16,11,1.3,-2.2,-0.9,-1.5,0.6
NP,30,31,5,2,23,23,22,-2.8,-0.5,-3.3,-6,2.8
NP,29,30,28,31,15,31,31,-9.8,0.9,-8.9,-4.6,-4.4
NP,21,20,12,27,11,18,26,0,-1.1,-1.1,-3.6,2.5
NP,4,6,26,26,19,12,14,2.5,-3.6,-1.1,3,-4
NP,12,20,27,30,17,23,28,-4.8,3.5,-1.3,1,-2.4
NP,27,26,13,15,27,20,22,-3.1,-0.5,-3.6,-4.4,0.8
MP,7,23,2,10,3,2,13,9.3,-2.3,7.1,1.4,5.6
NP,25,26,8,7,21,22,22,-2.3,-1.5,-3.8,-4.1,0.3
NP,27,24,22,6,29,24,20,-5.6,0.5,-5.2,-4.9,-0.3
MP,22,26,14,11,23,15,20,0.1,0.1,0.2,-2.2,2.4
NP,29,29,4,8,15,19,21,-1.1,0.2,-0.9,-5.4,4.5
MP,9,21,1,3,3,4,5,8.6,-2.3,6.3,1.5,4.8
NP,29,30,9,10,15,20,26,-3.5,2.2,-1.3,-4.6,3.3
NP,28,15,24,15,31,28,12,-7.5,0,-7.5,-5.2,-2.3
NP,23,21,20,14,19,21,16,-3.9,2.6,-1.3,-0.1,-1.2
NP,23,21,31,30,22,27,28,-7.7,1,-6.7,-2,-4.7
NP,2,8,30,30,11,21,19,-2.1,-2.1,-4.1,3,-7.1
NP,16,28,3,5,2,6,16,6.1,0.8,6.9,1,6
NP,17,24,14,17,11,16,26,0.8,0.9,1.7,-1.5,3.1
MP,21,30,4,9,11,10,22,3,1.1,4.1,-0.6,4.7
NP,19,23,21,17,23,21,23,-3,-0.9,-3.9,-1.9,-2
NP,14,26,16,21,8,17,25,1.6,0.5,2.1,1.1,1
NP,18,27,16,28,17,20,30,-0.9,2.1,1.2,-0.2,1.4
MP,2,15,3,5,4,2,10,10.8,-2.9,7.9,4.9,3
MP,26,29,1,2,11,12,25,3.6,-2.2,1.4,-5.2,6.6
NP,32,32,13,21,23,28,32,-6.3,-2,-8.2,-8.5,0.3
NP,23,28,22,14,27,23,26,-3.9,0.4,-3.5,-4.2,0.7
NP,27,29,25,25,23,27,29,-6.1,0.9,-5.3,-4.4,-0.9
MP,11,26,1,15,4,3,21,8.4,-0.5,7.9,0.9,7.1
NP,28,23,20,16,23,26,23,-8.7,2.4,-6.3,-6.4,0.1
NP,25,8,20,29,17,24,20,-4.3,2.3,-2,-3,1
NP,25,21,23,14,22,24,18,-5.8,2,-3.7,-3.4,-0.3
NP,28,17,29,12,26,29,11,-9.9,1.4,-8.5,-3.1,-5.3
NP,26,21,12,12,14,19,14,-1.4,1.1,-0.2,-1.4,1.2
NP,8,9,22,19,9,9,12,2,0.3,2.3,3.1,-0.8
MP,24,23,10,13,20,18,15,-2.3,0.3,-1.9,-3.2,1.3
NP,24,28,3,4,14,14,26,0.3,-0.5,-0.2,-4.6,4.3
NP,16,8,22,17,19,18,13,-4.1,0.6,-3.5,-0.2,-3.3
MP,14,11,9,4,19,11,7,1.9,-1,0.8,-1.2,2
MP,10,13,9,6,3,10,9,4.3,-0.8,3.4,0.1,3.3
NP,10,10,20,25,19,16,19,-1.2,1.2,0,1.8,-1.8
MP,18,11,1,2,12,4,3,6.1,0.5,6.6,0,6.6
MP,9,12,4,2,27,6,4,4.9,-1.1,3.8,1.5,2.3
MP,13,7,1,1,14,1,1,10.3,-2.7,7.6,-0.1,7.7
MP,2,7,1,1,1,1,1,16.1,-0.2,15.9,6.5,9.4
MP,16,7,3,1,10,9,1,4.8,-0.1,4.7,-1.7,6.4
NP,20,6,5,8,12,12,5,0.6,-1.7,-1.1,-2.5,1.5
NP,22,26,13,16,13,22,25,-3.7,-1.7,-5.4,-4.2,-1.2
NP,27,26,14,19,15,23,25,-4.4,1.6,-2.9,-4.4,1.5
NP,17,24,4,10,21,12,15,2.5,-1.1,1.4,-1.2,2.6
MP,18,24,3,6,4,6,11,3.6,-3.6,0,-2.2,2.1
NP,20,22,9,12,17,19,18,-1.3,-1.1,-2.4,-2.7,0.3
MP,13,3,19,22,15,16,8,0.1,-3.7,-3.6,0,-3.6
NP,17,20,8,17,1,14,17,2.6,1.9,4.6,0.3,4.2
NP,24,24,25,17,21,25,23,-13.4,1.9,-11.5,-4.9,-6.6
NP,25,25,17,9,19,24,19,-9.1,-1.2,-10.3,-7.4,-2.9
NP,24,26,20,17,22,23,23,-9.9,1.1,-8.8,-4.4,-4.5
NP,21,23,15,13,12,19,20,-3.6,2.2,-1.3,-2.8,1.5
NP,25,24,12,23,16,24,25,-6.5,3.1,-3.4,-4.4,1.1
NP,16,25,10,18,18,15,24,-0.4,2.6,2.2,0.4,1.8
NP,16,15,12,5,14,15,11,-9.2,3.4,-5.9,-3.2,-2.6
NP,10,9,12,11,12,12,11,-5.9,0.9,-5,-1.1,-3.9
NP,13,15,4,2,3,6,10,1.5,1.5,3,-3.6,6.6
MP,7,13,17,18,16,8,16,4.9,-1.9,3.1,3.4,-0.3
NP,29,29,22,26,25,28,29,-7.1,-0.4,-7.5,-5.4,-2.1
NP,30,26,25,29,29,30,30,-8.8,1.5,-7.3,-4.4,-2.9
NP,17,26,30,32,15,26,31,-5.4,2.0,-3.4,0.0,-3.4
NP,26,32,16,18,27,22,30,-3.7,-1.3,-5.0,-4.1,-0.9
NP,24,13,8,17,12,19,15,0.6,0.4,1.0,-1.5,2.5
MP,7,15,2,11,3,5,12,8.8,1.9,10.6,4.8,5.8
MP,15,15,12,22,16,14,21,1.3,-0.6,0.7,-0.5,1.3
MP,6,10,5,3,13,4,4,7.8,-2.5,5.4,2.3,3.0
MP,12,22,8,6,11,10,11,4.4,-2.4,2.1,1.2,0.9
MP,18,20,9,7,17,13,13,1.3,-0.9,0.5,0.7,-0.2
NP,22,20,24,15,25,26,18,-4.6,3.1,-1.4,0.4,-1.9
MP,22,24,6,4,18,16,16,0.9,-0.2,0.7,-2.5,3.2
NP,32,32,19,12,20,30,26,-10.0,3.0,-7.0,-6.9,-0.1
NP,11,10,24,27,8,17,17,-0.3,-2.1,-2.4,1.6,-4.0
NP,8,8,17,30,6,10,18,2.6,1.5,4.1,4.0,0.0
MP,4,6,22,28,1,10,15,4.4,-0.6,3.8,6.5,-2.7
NP,10,18,21,19,14,15,20,0.1,2.5,2.7,4.3,-1.6
NP,13,13,28,28,10,21,21,-2.4,0.0,-2.4,1.1,-3.5
NP,28,18,32,17,30,32,18,-11.1,0.6,-10.5,-3.6,-6.9
NP,31,23,14,9,24,25,16,-5.2,1.7,-3.5,-4.5,1.0
NP,30,29,21,22,28,29,28,-10.9,0.4,-10.5,-8.1,-2.4
NP,24,15,31,25,19,30,21,-11.1,-0.5,-11.5,-3.3,-8.2
NP,27,17,30,28,17,30,26,-11.5,0.5,-11.0,-4.5,-6.5
NP,10,10,27,28,14,21,24,-3.1,1.0,-2.2,1.8,-4.0
NP,5,10,23,25,1,14,18,0.2,-0.3,-0.1,2.5,-2.6
NP,14,17,24,30,28,19,29,-1.6,-0.2,-1.7,0.1,-1.9
NP,23,18,26,15,28,28,16,-8.1,1.2,-6.9,-1.6,-5.4
NP,28,27,20,16,8,25,27,-8.3,-0.2,-8.4,-7.4,-1.0
NP,18,26,24,26,9,24,27,-5.6,-1.0,-6.6,-0.9,-5.7
NP,23,14,28,28,25,27,23,-10.8,2.1,-8.7,-1.8,-6.9
MP,7,9,19,25,18,15,21,0.5,-1.6,-1.1,1.9,-3.0
NP,4,3,7,15,12,3,6,7.4,-0.5,6.9,4.6,2.4
MP,1,1,16,15,5,2,4,7.4,-1.3,6.1,7.1,-1.0
NP,20,5,24,8,21,25,6,-5.7,2.0,-3.7,-1.8,-1.9
NP,3,1,23,20,20,13,2,0.9,0.5,1.5,5.7,-4.2
NP,3,3,26,22,4,14,11,0.3,-0.9,-0.7,6.2,-6.9
NP,13,5,16,13,12,13,9,0.0,-1.2,-1.2,-0.1,-1.0
NP,16,14,6,1,8,8,1,2.8,-2.3,0.5,-1.2,1.7
MP,4,2,15,18,7,9,7,6.1,-2.5,3.6,3.5,0.2
MP,3,2,12,12,4,2,5,7.3,-1.8,5.5,4.5,1.0
NP,27,19,14,9,4,21,12,-4.3,0.6,-3.7,-4.5,0.8
NP,13,23,28,28,3,24,27,-5.3,3.9,-1.3,3.1,-4.4
NP,21,11,12,10,26,21,8,-2.0,0.7,-1.3,-2.7,1.3
NP,14,13,16,21,6,15,14,0.2,2.0,2.2,0.6,1.6
NP,6,15,7,5,8,6,11,8.9,1.2,10.1,5.0,5.1
MP,9,2,6,7,5,7,6,6.7,0.2,6.9,4.0,2.9
NP,10,4,13,11,23,11,6,1.7,0.5,2.2,1.9,0.2
MP,11,5,11,8,6,10,5,3.9,-0.9,3.0,0.1,2.9
NP,13,9,5,3,12,9,3,5.0,-0.9,4.1,1.2,3.0
NP,11,6,9,12,2,11,8,1.4,-1.9,-0.5,-0.4,-0.1
MP,7,16,9,20,3,9,20,4.1,-3.5,0.5,1.2,-0.6
NP,6,7,10,10,6,8,10,-6.2,2.0,-4.2,0.0,-4.2
NP,9,8,6,8,5,7,9,-8.1,1.8,-6.3,-6.5,0.1
NP,20,18,13,5,20,20,10,-1.3,0.0,-1.3,-2.7,1.3
MP,14,16,21,17,9,16,14,-0.7,-1.9,-2.6,0.3,-2.8
NP,22,22,20,22,26,22,19,-3.6,1.7,-1.9,-0.4,-1.5
NP,20,13,21,30,8,20,26,-2.1,1.7,-0.3,-1.0,0.6
NP,32,24,31,14,32,32,20,-11.0,0.0,-11.0,-6.8,-4.1
NP,31,30,30,31,29,32,31,-11.8,1.7,-10.1,-5.2,-4.9
NP,30,25,29,27,28,32,28,-9.6,3.5,-6.1,-3.2,-2.9
NP,27,23,9,23,9,25,26,-2.4,-1.5,-3.9,-4.8,0.9
NP,27,18,23,9,25,27,15,-6.1,-1.6,-7.7,-4.8,-2.9
NP,24,25,19,23,12,24,29,-4.1,-1.2,-5.3,-4.6,-0.7
NP,30,29,5,10,13,27,28,-5.6,0.2,-5.4,-7.2,1.8
NP,31,29,13,22,15,23,28,-3.8,2.3,-1.5,-3.4,2.0
NP,29,32,21,31,29,27,32,-8.1,-0.3,-8.4,-6.0,-2.4
NP,30,31,16,26,8,27,31,-7.4,2.7,-4.6,-5.2,0.6
NP,8,8,21,30,19,14,20,1.3,-2.3,-1.1,2.2,-3.3
NP,30,31,22,27,31,30,32,-7.4,1.5,-5.8,-4.5,-1.3
NP,32,26,11,16,23,22,26,-4.3,0.1,-4.2,-6.0,1.7
NP,27,28,24,15,26,30,28,-7.1,3.7,-3.4,-1.5,-1.9
NP,29,26,12,15,28,24,25,-4.3,1.3,-2.9,-5.3,2.4
MP,19,23,10,21,18,15,21,1.5,-0.3,1.2,-0.4,1.7
NP,25,31,15,22,7,19,30,-2.1,1.3,-0.8,-0.9,0.1
NP,31,31,27,26,19,31,31,-16.1,1.5,-14.6,-9.1,-5.5
NP,31,31,29,31,28,31,31,-13.8,-0.3,-14.1,-7.6,-6.5
NP,25,21,20,24,25,24,24,-4.2,0.4,-3.8,-3.2,-0.6
MP,11,16,1,7,20,3,13,8.5,-1.2,7.3,1.2,6.1
NP,15,20,17,12,25,16,17,-0.2,-1.0,-1.2,-0.6,-0.6
NP,20,18,10,14,10,13,15,-0.2,-0.8,-1.0,-2.0,1.0
NP,16,19,14,18,3,16,19,-0.3,0.0,-0.4,-0.7,0.4
NP,27,25,28,17,28,27,25,-14.6,1.7,-13.0,-5.2,-7.8
MP,14,16,4,7,7,8,13,5.0,-0.6,4.4,-0.2,4.6
MP,20,18,6,6,17,13,10,1.0,-0.5,0.5,-3.5,4.0
MP,3,9,2,3,8,2,2,10.1,0.7,10.8,5.3,5.5
MP,5,9,11,19,4,6,13,5.1,-1.4,3.6,2.9,0.7
MP,23,21,7,9,27,15,16,-0.4,-0.8,-1.3,-4.7,3.4
NP,25,24,6,2,18,21,10,-2.9,-0.8,-3.8,-6.1,2.3
NP,13,10,14,9,19,11,7,0.9,-3.1,-2.2,-0.9,-1.3
MP,23,17,17,23,7,24,26,-4.7,1.2,-3.5,-5.0,1.5
NP,24,4,23,16,28,26,7,-6.2,-0.3,-6.5,-4.1,-2.4
MP,8,5,12,23,10,10,14,2.9,-1.1,1.8,1.7,0.1
NP,9,3,20,24,26,15,12,0.4,2.6,3.0,2.9,0.1
NP,8,5,25,25,22,20,12,-1.4,-0.6,-2.0,2.5,-4.5
NP,12,9,22,20,27,16,11,0.1,2.4,2.5,2.4,0.1
NP,14,10,20,9,20,16,9,-1.4,-0.3,-1.7,0.7,-2.4
NP,22,21,24,19,19,22,18,-11.0,4.2,-6.8,-2.6,-4.2
NP,15,20,26,23,14,21,24,-6.6,2.4,-4.2,0.5,-4.7
NP,18,23,13,11,24,14,19,-1.5,0.3,-1.2,-2.6,1.4
MP,17,19,9,16,11,14,19,1.4,-1.1,0.3,-1.6,1.9
MP,10,18,10,17,18,12,18,0.9,-0.6,0.3,1.1,-0.8
NP,13,7,13,22,20,12,15,1.5,-0.9,0.6,0.5,0.1
MP,3,5,9,11,6,5,7,3.6,-2.8,0.9,2.6,-1.7
MP,3,2,7,8,1,3,4,8.6,-1.5,7.1,6.6,0.6
MP,7,10,8,12,8,5,13,2.6,-1.3,1.4,0.9,0.5
MP,1,1,7,19,1,2,4,10.1,-0.2,9.9,8.2,1.7
NP,17,14,28,23,21,25,21,-4.9,-0.2,-5.1,1.0,-6.1
NP,6,1,11,9,18,6,2,7.1,-1.8,5.3,3.8,1.5
MP,22,22,6,7,12,14,15,0.9,0.2,1.1,-1.9,2.9
NP,14,14,13,8,16,15,11,1.4,0.2,1.6,0.4,1.2
MP,5,5,5,14,9,3,6,7.2,-0.2,7.0,4.1,2.9
NP,31,22,16,17,32,29,20,-6.2,-0.7,-6.9,-7.0,0.1
MP,5,7,15,19,9,5,7,7.2,-1.8,5.4,5.3,0.1
NP,5,16,26,32,9,15,31,0.4,-1.1,-0.7,2.7,-3.4
NP,15,6,24,19,27,19,10,-1.5,1.8,0.3,1.4,-1.2
NP,15,11,16,14,10,12,8,1.4,0.3,1.6,0.7,0.9
NP,7,7,31,23,13,21,12,-2.6,0.5,-2.2,2.5,-4.7
MP,14,2,2,9,13,8,2,6.9,0.2,7.1,0.4,6.7
NP,18,13,20,8,30,19,7,-0.2,0.8,0.6,1.7,-1.2
MP,2,3,13,9,8,4,4,8.1,1.3,9.5,7.8,1.7
MP,4,5,20,13,15,7,9,4.7,-1.0,3.7,5.0,-1.3
NP,15,13,12,10,19,15,13,1.1,2.1,3.2,-0.1,3.2
NP,25,14,27,16,28,29,16,-7.0,-0.8,-7.8,-3.0,-4.8
MP,21,15,2,1,22,15,2,1.8,-2.3,-0.5,-3.2,2.7
NP,31,30,13,18,20,28,28,-7.0,-1.5,-8.5,-8.2,-0.3
NP,30,29,20,4,24,27,19,-5.8,-0.2,-6.0,-4.5,-1.5
NP,23,25,22,19,28,24,25,-4.2,-0.4,-4.6,-1.5,-3.0
MP,11,16,5,9,6,5,9,4.8,-1.6,3.1,-0.3,3.4
MP,9,8,3,18,3,6,11,6.6,-3.1,3.5,0.9,2.6
NP,22,20,13,2,22,17,8,-0.6,-0.1,-0.8,-1.7,1.0
MP,25,24,3,3,9,10,10,2.3,0.1,2.4,-2.9,5.3
MP,3,5,3,9,11,2,4,9.0,0.7,9.7,6.2,3.5
MP,2,8,3,1,8,2,3,10.4,-0.3,10.1,5.6,4.5
MP,2,4,2,10,8,2,2,9.2,0.4,9.6,4.9,4.7
MP,2,4,5,1,7,2,1,10.4,-0.4,10.0,6.4,3.6
MP,7,9,17,17,14,10,13,2.0,2.4,4.4,3.7,0.8
NP,26,28,15,10,16,21,20,-4.0,0.3,-3.7,-4.8,1.1
NP,28,27,24,20,28,28,26,-11.8,1.4,-10.4,-7.6,-2.8
NP,21,9,25,20,27,28,11,-7.3,1.2,-6.1,-3.8,-2.3
NP,11,11,18,20,13,15,13,-0.5,-1.5,-2.0,-0.2,-1.8
NP,14,6,18,10,18,14,7,0.6,1.5,2.1,3.0,-0.9
MP,11,8,14,20,5,12,15,1.5,-1.3,0.2,0.6,-0.3
NP,18,11,9,7,12,13,8,0.0,1.0,1.0,-1.4,2.4
MP,2,5,20,17,7,4,6,7.4,1.1,8.5,8.6,-0.1
MP,5,5,3,11,16,1,5,9.0,-0.8,8.2,5.2,3.0
MP,6,5,7,20,2,4,11,5.6,0.5,6.1,2.9,3.2
MP,1,9,13,17,6,2,10,8.9,-1.0,8.0,7.8,0.1
MP,5,2,12,8,25,5,2,3.6,-0.3,3.3,3.0,0.3
MP,1,2,3,2,11,1,1,11.0,0.0,11.0,5.8,5.2
MP,2,1,8,1,6,2,1,9.5,-1.7,7.8,7.6,0.2
MP,10,4,5,7,16,9,4,7.3,-2.8,4.5,0.5,4.0
MP,8,3,9,5,6,8,3,5.9,-1.7,4.1,4.0,0.1
NP,8,1,10,4,19,8,1,4.4,1.5,5.9,4.0,1.9
MP,2,4,7,5,3,3,3,12.8,0.0,12.8,6.8,6.0
MP,10,6,6,6,18,7,4,5.6,0.5,6.1,3.4,2.7
MP,1,1,7,3,2,1,1,13.1,-3.3,9.9,8.3,1.6
MP,10,4,4,4,6,7,2,5.6,1.4,7.0,2.5,4.5
MP,2,1,4,3,7,2,1,10.4,-3.5,6.9,2.5,4.4
MP,1,1,2,4,4,2,1,17.5,-3.7,13.8,8.4,5.5
MP,6,5,6,7,4,4,4,5.3,-2.4,2.9,0.1,2.9
NP,23,19,3,8,15,17,17,0.8,-1.3,-0.5,-4.7,4.2
NP,28,23,25,21,32,29,26,-7.7,1.7,-6.0,-4.3,-1.7
NP,28,28,10,12,13,21,25,-2.1,0.0,-2.1,-4.8,2.7
NP,24,19,13,22,8,18,23,-1.3,0.7,-0.5,-3.6,3.1
NP,27,17,22,3,31,27,8,-5.8,-0.9,-6.7,-3.9,-2.9
NP,22,27,4,4,13,9,14,2.3,1.8,4.0,-2.0,6.1
MP,19,16,4,1,19,10,3,3.7,2.1,5.8,0.3,5.5
MP,2,4,16,3,11,4,2,8.0,1.6,9.6,9.2,0.4
MP,1,1,22,19,14,1,1,12.9,-1.6,11.4,14.1,-2.7
MP,2,4,4,2,17,2,1,12.0,-1.9,10.1,6.3,3.8
MP,25,23,24,20,26,25,27,-5.1,-0.2,-5.3,-3.6,-1.7
NP,19,13,32,32,27,29,25,-7.9,-1.0,-8.9,-1.1,-7.8
NP,20,15,12,7,7,18,13,0.1,0.2,0.3,-1.0,1.3
NP,16,2,30,29,31,25,14,-4.9,-0.9,-5.8,0.7,-6.5
NP,21,11,28,19,13,23,15,-5.6,1.6,-3.9,-0.2,-3.8
NP,17,21,8,14,17,14,20,0.9,0.4,1.3,-0.8,2.1
MP,7,5,3,15,2,3,5,8.6,2.2,10.8,5.0,5.8
MP,9,5,9,4,24,7,1,4.8,1.0,5.9,1.6,4.3
MP,10,7,9,4,22,9,1,5.0,0.5,5.5,2.4,3.1
NP,7,3,15,6,21,8,1,3.0,1.9,4.9,3.0,1.9
NP,10,22,21,8,6,15,14,0.1,-0.5,-0.5,0.5,-1.0
MP,2,2,23,24,2,5,5,7.3,-2.2,5.0,7.8,-2.7
NP,18,14,11,7,15,20,7,-0.3,3.6,3.4,1.0,2.4
MP,2,3,8,11,5,2,3,12.0,-3.1,8.9,9.5,-0.6
MP,1,1,6,5,4,1,1,11.6,-0.9,10.7,8.1,2.6
MP,4,1,7,4,16,4,2,7.3,0.3,7.6,3.7,3.9
NP,9,3,17,15,30,8,3,2.7,0.4,3.1,3.3,-0.2
NP,10,6,25,28,22,20,19,-3.1,-0.3,-3.3,1.3,-4.6
MP,3,5,10,19,11,4,9,5.6,-0.5,5.0,4.6,0.4
NP,22,21,19,22,25,19,24,-4.2,0.8,-3.4,-1.4,-1.9
MP,12,12,3,5,6,7,8,4.3,-0.9,3.4,0.3,3.1
NP,16,8,23,20,24,19,16,-2.7,1.9,-0.8,2.1,-2.9
MP,8,15,1,3,3,2,7,8.5,0.8,9.3,3.7,5.7
NP,15,8,20,22,21,15,12,-1.6,-1.8,-3.3,0.1,-3.4
MP,4,2,7,9,4,5,5,6.1,-1.9,4.1,3.2,0.9
MP,6,15,15,9,9,9,10,3.2,2.0,5.2,3.4,1.8
NP,8,10,13,13,7,8,9,3.2,0.4,3.6,1.8,1.9
MP,11,22,2,25,2,5,24,7.0,0.7,7.7,1.0,6.7
MP,21,26,9,21,8,19,24,-1.6,-1.2,-2.8,-4.1,1.3
NP,20,15,25,24,28,26,24,-8.7,-1.1,-9.7,-6.0,-3.8
NP,17,14,9,6,8,15,7,2.0,-0.7,1.3,-1.6,2.9
NP,16,25,16,15,23,15,21,-0.8,1.3,0.5,-1.1,1.6
MP,20,12,5,10,16,12,8,1.7,2.4,4.1,-1.6,5.7
MP,15,14,2,6,2,4,6,5.3,-0.2,5.0,-1.9,6.9
MP,10,17,3,9,5,3,13,9.0,2.3,11.3,1.9,9.4
NP,7,16,6,8,12,8,13,7.8,-0.8,6.9,2.5,4.4
NP,17,10,18,9,24,16,8,-3.8,0.3,-3.4,-2.7,-0.7
NP,7,5,22,21,9,13,11,0.6,0.1,0.6,3.4,-2.8
NP,3,6,15,19,13,9,9,4.1,-1.2,2.9,5.4,-2.5
NP,9,5,21,9,23,18,6,-1.8,-0.1,-1.9,2.9,-4.7
NP,24,11,11,10,12,18,9,-5.1,0.6,-4.5,-5.5,1.0
NP,18,18,12,7,21,16,11,-0.8,-1.8,-2.6,-2.5,-0.1
NP,4,6,8,8,7,6,7,-3.4,1.4,-2.0,1.0,-3.0
NP,7,7,9,10,7,8,7,-10.6,1.7,-8.9,-2.9,-6.0
NP,7,9,9,9,3,8,9,-10.9,2.5,-8.4,-2.8,-5.6
NP,25,22,31,29,22,27,28,-8.4,0.6,-7.8,-3.5,-4.3
NP,20,20,32,32,27,30,30,-8.9,1.2,-7.7,-1.0,-6.7
NP,18,17,26,31,24,24,28,-5.1,-0.1,-5.2,-1.2,-4.0
NP,25,24,16,10,23,21,21,-2.3,-0.8,-3.0,-3.3,0.3
NP,7,13,21,27,5,13,19,2.1,0.6,2.7,5.2,-2.5
MP,20,21,13,18,20,21,24,-0.8,-0.6,-1.4,-1.3,-0.1
NP,18,20,23,18,22,18,17,-2.6,2.4,-0.2,1.0,-1.3
MP,22,19,3,2,6,13,5,2.4,-0.4,2.1,-3.2,5.2
NP,13,6,15,16,28,13,5,1.2,-2.8,-1.6,-1.2,-0.5
NP,17,3,27,13,30,23,2,-4.1,1.8,-2.3,2.1,-4.4
MP,4,5,23,23,4,8,9,5.4,0.6,6.1,6.9,-0.8
NP,15,17,19,21,11,17,20,-0.4,2.3,1.9,2.4,-0.5
NP,27,26,32,32,32,31,29,-14.5,0.1,-14.4,-5.2,-9.2
NP,27,30,32,32,28,32,32,-15.6,2.5,-13.1,-4.0,-9.1
NP,16,19,32,32,17,24,29,-6.1,2.6,-3.6,1.4,-5.0
NP,21,22,30,28,29,27,24,-5.8,-0.5,-6.4,-1.8,-4.6
NP,28,27,21,20,14,25,28,-5.7,-1.0,-6.7,-4.3,-2.4
NP,24,24,18,22,14,23,27,-3.4,-1.8,-5.2,-3.8,-1.4
NP,26,32,25,24,14,26,29,-6.8,1.0,-5.8,-4.3,-1.6
NP,26,28,31,31,23,30,31,-9.1,-0.1,-9.2,-2.5,-6.7
NP,26,16,30,26,30,29,27,-9.6,2.4,-7.2,-2.0,-5.2
NP,22,27,11,14,7,18,21,0.0,1.4,1.4,-0.1,1.5
MP,15,21,14,18,6,17,25,-0.1,2.0,1.9,0.1,1.8
NP,20,14,24,15,20,22,14,-4.5,1.1,-3.4,-1.9,-1.5
MP,4,2,10,14,19,7,4,4.6,-0.6,4.0,3.0,0.9
NP,21,20,22,20,24,22,20,-4.1,1.2,-2.9,-0.4,-2.5
MP,2,1,14,23,3,4,7,6.3,0.6,6.9,5.9,1.0
MP,6,15,19,24,15,11,18,0.9,1.4,2.4,2.8,-0.4
MP,16,24,15,6,11,13,16,0.4,-0.7,-0.3,-0.3,0.0
NP,19,19,20,20,19,16,20,-3.7,1.8,-1.9,-0.7,-1.1
MP,9,17,11,15,7,8,18,2.8,-1.8,1.0,0.9,0.0
NP,5,14,26,28,12,18,23,-2.5,0.9,-1.6,4.2,-5.9
NP,19,18,19,18,24,20,20,-3.3,-0.2,-3.5,-1.7,-1.8
NP,28,28,10,18,10,26,28,-5.8,1.8,-4.0,-5.0,1.0
NP,25,26,26,24,18,26,26,-7.7,-2.2,-9.9,-4.5,-5.4
NP,22,24,13,15,11,20,23,-3.1,-1.2,-4.3,-3.8,-0.5
NP,19,28,19,18,19,21,25,-3.7,2.0,-1.7,-1.6,0.0
NP,21,12,23,17,24,24,16,-7.8,1.6,-6.3,-2.9,-3.4
MP,15,18,2,11,16,6,17,3.8,-1.7,2.1,-1.2,3.3
MP,15,24,14,9,14,10,18,0.6,0.8,1.3,-0.4,1.7
NP,4,3,13,4,19,6,2,4.7,0.6,5.3,4.8,0.5
NP,11,7,5,3,11,7,5,3.9,-2.2,1.7,-0.8,2.5
NP,28,26,23,11,28,28,24,-9.1,-1.9,-11.0,-6.6,-4.4
NP,13,21,19,7,6,11,14,-0.6,-1.2,-1.8,-0.1,-1.7
NP,23,26,18,8,10,20,22,-4.9,-2.5,-7.4,-4.4,-3.0
NP,16,14,10,3,8,12,8,3.0,-0.2,2.8,-0.6,3.4
NP,18,18,8,8,10,13,14,-1.2,-0.7,-1.9,-3.2,1.3
NP,14,19,15,20,7,16,22,-1.0,-0.6,-1.6,0.5,-2.1
NP,13,13,12,13,13,13,11,1.7,0.3,2.0,0.8,1.2
NP,6,15,17,19,9,10,16,3.5,0.9,4.4,4.4,0.0
NP,3,4,16,11,15,9,5,3.9,0.2,4.1,6.5,-2.4
MP,2,13,2,2,1,2,6,10.4,3.7,14.0,7.4,6.6
NP,14,16,2,2,3,4,4,5.1,1.6,6.6,-1.2,7.9
NP,14,11,5,6,7,10,7,-2.4,0.5,-2.0,-5.2,3.2
NP,12,13,5,4,13,7,8,0.1,1.7,1.8,-1.6,3.4
MP,10,10,13,9,3,10,7,4.6,-0.2,4.4,3.5,1.0
MP,1,5,13,9,7,3,6,8.8,-1.1,7.7,5.9,1.8
MP,15,18,9,18,3,9,16,3.9,-0.7,3.2,0.6,2.6
NP,14,12,22,18,19,19,14,-1.5,-1.2,-2.7,0.0,-2.7
NP,21,26,26,22,20,23,27,-4.0,2.1,-1.9,-0.3,-1.6
MP,4,8,21,22,6,8,16,2.8,0.1,2.8,4.9,-2.0
MP,15,23,12,15,10,11,19,2.8,2.5,5.3,2.0,3.3
MP,1,6,13,15,1,3,6,8.6,-0.3,8.3,7.9,0.4
MP,8,3,24,25,19,16,8,-0.7,-2.4,-3.1,0.5,-3.6
MP,5,13,11,11,10,7,9,6.1,1.2,7.3,4.9,2.4
MP,1,3,19,32,2,2,17,12.6,-1.2,11.4,11.5,-0.1
MP,10,9,2,5,4,2,7,9.3,1.7,10.9,3.1,7.9
MP,3,6,7,2,1,2,1,10.3,-2.9,7.4,6.3,1.1
NP,5,8,22,20,6,14,17,2.4,0.5,2.9,4.1,-1.2
MP,4,2,6,11,10,3,5,9.0,0.0,9.0,5.7,3.3
NP,22,9,25,12,17,23,13,-4.1,-0.4,-4.4,-2.3,-2.1
NP,22,18,19,7,31,20,11,-2.9,-0.8,-3.7,-1.5,-2.2
MP,5,3,23,25,27,11,3,2.8,-2.4,0.3,4.3,-4.0
MP,4,4,11,17,14,2,8,8.4,-0.3,8.1,6.2,1.9
MP,6,12,12,12,1,6,9,4.4,-0.8,3.6,2.4,1.2
MP,5,6,5,12,5,6,5,7.8,-1.1,6.6,4.0,2.6
NP,11,15,14,15,20,14,16,1.9,0.6,2.5,1.8,0.7
NP,10,9,20,19,9,15,16,1.0,0.6,1.6,2.5,-0.9
MP,6,5,11,4,28,7,4,5.6,-0.6,5.0,4.3,0.7
MP,2,4,5,7,17,3,6,8.8,-1.1,7.7,5.3,2.4
MP,1,5,1,1,2,1,1,15.4,-0.1,15.3,8.7,6.6
MP,6,7,4,14,24,5,6,5.6,0.4,6.0,3.5,2.5
MP,4,9,5,6,3,4,8,5.9,0.1,6.0,3.8,2.2
MP,6,19,9,2,17,7,12,3.6,-0.4,3.2,2.7,0.5
NP,17,15,15,23,15,14,16,-1.3,-0.3,-1.6,-2.6,1.0
NP,22,24,18,10,23,20,20,-2.5,-2.3,-4.8,-3.3,-1.4
NP,23,20,18,22,27,24,24,-4.8,0.6,-4.1,-3.7,-0.4
NP,8,6,18,16,9,14,9,0.4,-1.3,-1.0,1.0,-2.0
NP,26,24,11,7,25,23,17,-4.7,1.4,-3.3,-3.9,0.6
NP,26,22,11,14,8,22,22,-3.0,-0.4,-3.4,-5.3,1.9
NP,25,18,27,12,27,26,16,-10.3,0.7,-9.6,-4.0,-5.6
NP,16,12,15,12,19,18,12,-1.1,1.3,0.1,0.1,0.1
NP,7,6,10,16,7,7,12,5.1,-0.1,5.0,2.9,2.1
NP,5,2,26,28,26,14,19,-0.6,-1.2,-1.9,5.2,-7.1
MP,5,12,11,8,22,8,10,6.3,-0.2,6.2,4.6,1.5
NP,14,23,20,9,4,17,19,-2.3,0.6,-1.7,0.7,-2.3
NP,28,14,22,25,28,26,24,-8.8,-0.3,-9.0,-5.8,-3.2
NP,25,25,13,23,26,21,26,-4.4,-2.5,-6.8,-5.3,-1.6
NP,22,24,8,19,8,18,26,-1.3,0.7,-0.6,-2.2,1.6
NP,27,27,10,18,19,22,24,-6.1,-2.6,-8.7,-9.1,0.4
NP,23,26,21,14,26,20,21,-5.8,1.3,-4.5,-2.5,-2.0
NP,20,23,13,16,14,17,19,-4.2,0.0,-4.2,-3.3,-0.9
NP,21,21,5,6,16,14,14,0.3,-1.6,-1.3,-3.2,2.0
NP,22,25,14,10,9,16,20,-4.1,-0.8,-4.9,-5.1,0.2
MP,11,22,4,2,3,8,15,5.6,1.5,7.0,2.3,4.7
NP,13,16,18,13,21,14,15,-1.7,0.7,-1.0,1.4,-2.3
NP,24,24,19,16,18,22,23,-6.9,5.1,-1.8,-2.4,0.6
NP,12,11,3,4,15,6,5,3.4,1.8,5.2,-0.2,5.4
NP,9,10,4,3,9,5,6,3.9,-0.3,3.5,0.1,3.5
MP,9,9,3,1,5,3,3,8.8,0.6,9.4,3.1,6.3
NP,30,32,27,31,12,30,32,-10.1,0.4,-9.7,-6.3,-3.4
NP,18,13,27,30,27,26,27,-5.0,-0.5,-5.5,-1.4,-4.1
MP,14,13,19,28,15,15,20,-0.4,1.0,0.5,1.0,-0.5
MP,11,15,4,12,2,9,13,5.4,-1.5,3.8,2.4,1.4
NP,17,20,32,20,28,28,24,-6.1,-0.3,-6.4,-0.8,-5.6
MP,28,29,11,1,26,26,10,-3.1,0.4,-2.6,-5.3,2.7
MP,21,19,7,3,10,12,6,1.6,-2.4,-0.8,-3.3,2.6
NP,14,17,7,16,2,11,19,4.1,-2.3,1.7,-0.8,2.5
NP,31,11,24,7,32,31,6,-9.5,1.9,-7.6,-5.0,-2.6
MP,8,7,9,7,7,8,6,5.3,-1.8,3.5,1.8,1.7
MP,10,13,4,2,7,6,3,6.4,-1.9,4.5,1.4,3.2
NP,9,3,29,30,13,18,13,-2.3,0.5,-1.8,1.8,-3.7
NP,10,4,17,13,19,11,7,3.4,-1.5,2.0,2.7,-0.7
NP,17,3,27,22,29,21,8,-1.8,1.4,-0.4,2.8,-3.2
NP,12,14,22,24,31,17,21,-0.3,0.3,0.0,2.5,-2.5
NP,28,28,25,24,21,28,28,-6.2,1.7,-4.5,-3.2,-1.3
NP,26,30,32,31,25,31,31,-10.7,0.7,-10.0,-4.4,-5.7
NP,21,19,15,23,13,20,22,-1.9,1.2,-0.6,-2.4,1.8
NP,28,31,27,31,25,29,32,-7.8,1.9,-6.0,-4.4,-1.5
NP,32,32,20,16,26,29,32,-8.9,-0.5,-9.4,-8.4,-1.1
NP,9,16,9,16,1,7,18,5.1,-0.6,4.4,3.3,1.1
MP,9,10,10,8,2,8,7,5.6,-2.8,2.8,1.2,1.6
NP,16,25,18,16,12,17,18,-0.8,-1.1,-1.8,-1.0,-0.8
MP,5,7,10,11,13,8,4,5.6,-2.2,3.4,3.9,-0.6
NP,30,31,30,30,12,30,32,-8.8,-1.3,-10.1,-6.1,-4.0
NP,8,10,22,30,24,16,26,1.2,-0.8,0.4,3.1,-2.7
NP,24,28,25,26,22,25,30,-4.7,-2.0,-6.7,-3.1,-3.6
MP,6,3,19,11,22,7,3,5.6,-1.1,4.4,5.2,-0.8
MP,14,15,9,20,3,10,20,3.4,0.6,4.0,1.7,2.3
MP,18,10,21,26,26,21,18,-1.9,-2.8,-4.7,-1.9,-2.8
NP,28,30,28,25,26,30,32,-11.7,0.4,-11.3,-6.0,-5.3
MP,4,4,23,20,19,11,8,2.9,-0.1,2.9,3.7,-0.9
MP,7,9,8,18,13,9,14,6.8,-0.9,5.9,4.4,1.5
MP,13,15,7,11,4,9,13,4.9,1.6,6.5,2.6,3.9
MP,3,5,1,3,2,2,2,11.8,0.3,12.0,6.6,5.4
MP,2,3,23,21,6,9,7,4.2,1.7,5.9,6.9,-1.1
MP,2,3,2,11,4,1,2,12.0,-1.2,10.8,5.6,5.2
MP,1,2,19,29,1,2,7,10.7,0.7,11.4,11.7,-0.3
MP,2,3,20,11,6,4,3,6.9,0.0,7.0,8.2,-1.2
MP,17,9,7,8,21,13,8,2.3,-1.1,1.2,0.4,0.7
NP,2,2,31,29,28,23,10,-4.6,0.8,-3.8,6.1,-9.8
MP,4,3,15,21,22,7,9,6.4,1.5,7.9,7.1,0.8
MP,3,4,17,15,19,4,8,5.6,0.5,6.1,6.6,-0.5
NP,19,12,29,29,29,28,24,-8.4,3.0,-5.4,-0.1,-5.3
NP,20,19,26,10,19,24,12,-5.5,1.2,-4.3,-0.6,-3.8
MP,16,25,18,22,17,17,25,-1.1,-0.6,-1.6,-1.8,0.2
MP,17,22,5,7,7,13,17,0.9,-2.3,-1.3,-1.8,0.4
NP,18,27,14,20,18,13,28,-0.8,-0.7,-1.5,-1.3,-0.2
NP,27,22,27,28,25,28,24,-11.8,0.5,-11.3,-6.2,-5.1
NP,26,24,16,21,15,21,25,-5.4,-1.6,-7.0,-6.0,-1.0
NP,28,28,26,20,19,28,28,-14.9,-2.4,-17.3,-11.5,-5.7
NP,21,27,20,26,24,23,27,-4.5,0.6,-3.9,-2.7,-1.2
NP,20,23,11,22,5,15,23,-0.2,-0.3,-0.5,-2.7,2.2
NP,9,21,11,17,9,10,23,2.4,0.8,3.2,2.9,0.3
MP,18,13,1,6,4,7,9,4.1,0.1,4.3,-1.3,5.5
NP,27,22,25,25,21,27,27,-10.7,0.3,-10.4,-6.6,-3.8
NP,17,19,21,19,14,22,21,-4.1,1.5,-2.7,-0.3,-2.4
NP,28,28,25,22,20,25,27,-10.9,-0.2,-11.1,-7.4,-3.7
NP,26,21,19,23,11,25,22,-5.6,-1.2,-6.9,-4.1,-2.7
NP,28,27,26,26,27,28,27,-13.7,4.8,-8.8,-6.1,-2.7
NP,26,22,28,28,21,28,28,-17.1,1.3,-15.8,-3.8,-12.0
NP,9,13,23,21,17,17,17,-2.0,0.5,-1.5,2.8,-4.3
NP,22,20,19,15,14,23,17,-5.0,1.5,-3.5,-2.0,-1.5
NP,27,24,28,28,25,28,28,-11.4,2.6,-8.8,-2.8,-6.0
MP,6,6,11,17,2,6,6,5.3,-0.3,5.0,3.6,1.5
MP,1,1,13,15,6,2,5,12.2,-2.5,9.8,9.3,0.4
MP,2,12,10,12,1,5,11,9.0,-0.4,8.6,6.3,2.2
NP,23,15,25,14,25,25,17,-9.9,1.3,-8.7,-4.6,-4.1
NP,20,21,21,21,15,21,22,-8.2,-0.2,-8.4,-2.4,-5.9
NP,20,14,11,20,9,17,18,-1.2,-1.1,-2.3,-5.1,2.8
MP,5,12,2,1,6,2,2,12.4,-1.9,10.4,2.0,8.5
MP,6,8,7,9,14,5,10,6.2,-5.8,0.4,0.9,-0.5
NP,8,4,6,13,16,7,10,0.8,2.2,3.0,0.5,2.5
MP,2,4,1,2,5,1,2,18.4,-0.6,17.9,8.0,9.9
NP,2,1,2,5,2,2,1,14.0,-0.8,13.2,6.4,6.8
NP,32,27,28,20,32,32,26,-12,0.6,-11.4,-7.7,-3.7
NP,30,28,31,31,26,31,31,-11.6,-0.1,-11.7,-6.5,-5.3
NP,26,20,21,24,18,26,24,-6.1,-0.6,-6.7,-4.6,-2.1
NP,31,27,4,5,29,24,22,-4.4,0.4,-4,-8.1,4
MP,5,6,2,2,5,3,2,9.3,-2.8,6.5,3,3.6
NP,25,23,25,6,30,27,11,-5.1,0.2,-5,-2.7,-2.3
NP,14,18,31,24,29,23,22,-4.5,-3,-7.5,-0.7,-6.9
NP,32,31,26,26,25,30,32,-10.2,-0.3,-10.5,-7.8,-2.7
NP,32,31,28,27,23,32,32,-12.6,1.5,-11.1,-7.1,-4
NP,30,29,29,30,21,31,32,-11.8,-1.1,-13,-8.1,-4.9
NP,28,32,11,6,9,26,29,-5.4,-0.3,-5.6,-7.1,1.4
NP,18,15,27,28,31,24,23,-4.1,-0.4,-4.5,-1.2,-3.3
NP,24,18,24,23,13,25,22,-5.6,-0.9,-6.5,-3.8,-2.6
NP,24,20,21,17,25,24,22,-4.1,1.6,-2.5,-2.1,-0.4
MP,6,7,10,12,6,7,8,6.7,0.1,6.8,4.8,2
NP,9,10,4,2,15,5,4,6.1,1.4,7.5,2.6,4.9
MP,12,15,6,6,6,8,10,5.8,-1,4.8,1.1,3.7
NP,29,21,7,11,11,18,18,-1.2,1.9,0.8,-5.7,6.4
NP,25,12,18,6,22,22,7,-3.4,1,-2.4,-3.3,0.9
NP,21,25,9,20,5,18,24,0.8,-1,-0.2,-1.3,1.1
NP,21,20,10,16,18,14,20,0.5,0.4,0.9,-1.1,2
NP,8,7,16,12,15,13,7,2.5,-1.4,1.1,3.2,-2.1
MP,6,7,1,4,4,2,3,11.2,-4.8,6.4,1.3,5.1
MP,8,10,17,25,5,11,20,3.4,-0.9,2.5,3.1,-0.6
MP,3,7,15,23,6,6,9,4.8,0.7,5.5,4.4,1
MP,14,2,19,15,19,16,6,-0.6,-0.9,-1.5,-1.6,0.1
NP,27,28,28,21,21,28,28,-8.1,0,-8.1,-4.4,-3.7
MP,4,3,8,27,11,5,11,6.8,0.6,7.4,5.4,2.0
MP,6,1,10,16,8,6,3,6.9,-0.1,6.8,4.5,2.3
MP,5,6,7,17,7,4,10,8.9,0.2,9.1,6.2,2.9
MP,1,1,24,31,6,2,11,9.0,-0.1,8.9,12.6,-3.8
MP,6,5,15,28,2,10,12,4.8,-1.3,3.4,3.8,-0.3
MP,13,20,7,24,1,4,28,4.9,0.7,5.6,1.2,4.4
MP,9,27,3,7,2,6,15,7.4,1.6,9.0,3.7,5.3
NP,16,25,2,7,21,9,22,4.5,1.2,5.7,0.0,5.7
MP,6,21,5,24,2,4,25,7.8,-1.7,6.1,1.7,4.3
NP,32,24,25,20,31,32,27,-13.4,-0.6,-14.0,-10.3,-3.7
NP,31,27,12,11,18,29,21,-7.9,-0.2,-8.1,-10.2,2.1
MP,14,12,11,14,5,13,10,2.5,-3.2,-0.7,-1.5,0.8
NP,23,25,29,30,16,27,28,-8.1,-0.3,-8.4,-2.5,-5.9
NP,26,24,29,31,8,29,27,-9.3,0.1,-9.2,-3.9,-5.3
NP,31,31,14,13,28,26,24,-6.8,1.4,-5.5,-7.4,1.9
MP,15,16,11,16,10,13,17,1.0,0.0,1.0,0.4,0.6
NP,6,1,16,25,8,9,1,4.9,2.1,7.0,5.1,1.9
NP,2,1,29,31,22,10,5,3.0,2.3,5.3,10.0,-4.7
MP,1,2,19,29,1,1,16,9.5,-1.2,8.3,9.2,-0.9
NP,1,4,28,32,3,7,19,4.3,1.9,6.1,8.4,-2.3
NP,16,5,23,23,22,17,6,-1.5,0.3,-1.2,-0.2,-1.0
NP,9,8,19,18,11,17,13,0.1,0.6,0.6,0.1,0.6
NP,8,12,13,14,1,6,10,4.3,2.6,6.8,5.5,1.3
NP,14,19,22,9,14,16,16,-2.3,-0.8,-3.1,-0.7,-2.4
MP,5,14,1,11,3,2,10,8.9,-0.5,8.4,1.8,6.6
NP,24,22,11,18,11,15,19,-0.2,2.0,1.8,-0.7,2.5
MP,12,14,1,2,1,3,5,7.3,0.3,7.6,0.8,6.9
MP,14,5,7,12,2,10,6,1.3,-0.4,0.9,-1.3,2.1
MP,8,16,14,11,5,9,13,2.3,0.6,2.9,1.9,1.0
MP,7,25,13,5,1,10,12,4.1,-0.7,3.4,3.7,-0.2
MP,10,5,7,13,5,6,10,4.4,2.0,6.4,1.8,4.5
MP,6,7,5,16,1,4,11,7.0,-0.3,6.7,2.7,4.1
NP,17,13,8,2,21,12,4,2.0,0.0,2.0,-0.1,2.1
NP,23,22,15,10,17,21,18,-4.1,-1.6,-5.7,-6.0,0.3
NP,23,24,27,27,25,26,27,-7.7,-0.3,-8.0,-3.2,-4.8
MP,12,28,13,8,3,11,26,2.0,-1.0,1.0,1.2,-0.1
NP,18,22,18,21,5,20,22,-2.7,1.1,-1.6,-2.0,0.4
NP,17,17,15,24,8,16,22,-0.6,1.5,0.8,-0.8,1.6
NP,8,9,21,14,5,9,12,1.2,0.9,2.0,1.7,0.3
NP,16,25,18,10,1,15,20,-0.9,0.7,-0.2,-1.9,1.6
NP,12,17,10,17,13,11,16,3.3,-0.1,3.2,0.4,2.8
NP,14,28,19,18,2,16,26,-1.1,0.6,-0.5,-0.8,0.3
NP,26,27,5,12,12,18,25,-1.5,2.9,1.4,-4.0,5.4
NP,24,15,22,20,11,26,17,-5.3,0.9,-4.4,-3.0,-1.4
NP,17,16,27,28,14,27,27,-8.9,3.9,-4.9,0.9,-5.8
NP,12,7,25,27,5,21,20,-6.1,1.4,-4.7,2.2,-6.9
NP,13,15,19,25,9,17,21,-4.2,0.0,-4.2,-0.6,-3.7
NP,18,16,21,25,6,19,20,-4.3,1.9,-2.4,-1.3,-1.1
NP,19,20,5,7,6,11,13,2.8,-1.8,1.0,-4.2,5.1
NP,15,17,13,15,4,13,17,2.4,0.2,2.6,0.4,2.2
MP,8,9,5,7,8,5,7,6.7,-1.7,5.1,0.6,4.5
NP,15,22,8,6,5,11,16,2.0,-0.5,1.5,-0.1,1.6
MP,2,3,1,1,3,1,1,13.0,-1.1,11.9,3.5,8.4
MP,4,4,1,4,1,2,5,14.4,-0.4,14.0,3.8,10.1
NP,2,4,3,4,1,2,3,11.0,-0.7,10.3,6.0,4.2
NP,5,4,29,23,19,16,9,0.9,0.2,1.1,5.3,-4.2
NP,18,9,23,10,13,20,9,-2.6,-0.3,-2.9,-1.0,-2.0
NP,21,10,14,6,31,16,5,-0.5,-0.8,-1.3,-1.6,0.3
MP,6,11,8,9,15,7,6,6.2,-0.2,6.0,3.0,2.9
NP,13,4,3,15,3,9,6,5.2,-1.5,3.6,-0.3,4.0
NP,9,14,29,16,26,22,13,-0.8,0.9,0.1,3.0,-3.0
NP,26,9,21,20,19,27,13,-4.9,2.2,-2.6,-1.5,-1.1
NP,17,18,13,9,22,17,16,0.0,1.9,1.9,0.7,1.2
MP,12,5,11,23,20,12,9,3.0,-0.3,2.7,0.5,2.1
NP,20,31,16,9,14,16,25,0.0,-2.3,-2.3,-2.0,-0.4
NP,5,6,22,16,25,11,6,1.8,-0.9,0.9,2.7,-1.8
NP,2,1,10,1,23,5,1,7.4,-2.6,4.8,3.2,1.6
MP,4,10,11,16,6,5,12,8.4,-1.7,6.6,6.4,0.2
MP,2,11,15,25,11,7,21,5.8,-0.8,5.0,5.0,0.0
MP,5,20,5,14,1,5,19,8.0,0.8,8.8,4.3,4.5
MP,1,4,7,10,3,1,2,11.8,-1.6,10.2,10.0,0.2
NP,5,10,13,13,25,7,6,6.6,3.3,9.9,7.1,2.9
MP,3,10,11,18,3,3,13,8.3,0.8,9.1,6.1,3.0
NP,16,14,31,27,28,30,24,-8.0,1.2,-6.8,-0.6,-6.2
NP,20,16,22,30,13,21,26,-2.1,1.4,-0.7,-1.0,0.2
NP,14,11,16,11,13,13,8,0.7,-1.0,-0.3,0.3,-0.6
NP,26,28,29,13,31,28,22,-10.7,2.6,-8.1,-3.7,-4.4
NP,28,26,10,12,25,22,23,-2.9,2.0,-1.0,-3.9,2.9
NP,29,24,18,1,30,26,10,-6.3,-2.1,-8.4,-7.7,-0.7
NP,26,28,30,21,25,30,28,-9.9,1.0,-8.9,-4.1,-4.8
NP,18,26,24,23,9,22,28,-4.1,2.4,-1.8,0.4,-2.1
MP,19,16,6,10,19,16,14,-0.1,1.6,1.5,-0.6,2.1
MP,5,11,9,14,6,6,11,4.7,-1.1,3.6,2.9,0.7
NP,10,14,12,18,1,10,19,2.0,0.3,2.3,1.1,1.1
MP,9,6,4,4,12,7,5,5.9,-2.8,3.1,1.9,1.3
NP,21,13,21,19,11,22,14,-4.3,2.0,-2.2,-0.6,-1.7
NP,17,15,10,5,14,12,7,2.1,0.2,2.3,-0.1,2.5
NP,23,21,9,6,16,17,14,-1.5,0.8,-0.7,-2.9,2.1
NP,27,26,18,21,22,27,26,-6.3,-1.1,-7.4,-7.1,-0.2
NP,27,21,15,15,26,23,18,-4.3,0.5,-3.7,-4.3,0.5
NP,15,12,24,23,26,23,17,-3.8,1.9,-1.9,1.2,-3.1
NP,1,1,25,28,22,11,10,2.0,-0.9,1.1,8.3,-7.2
NP,6,4,24,26,15,17,7,-1.2,2.0,0.8,4.8,-4.0
NP,12,1,28,26,27,26,11,-6.5,1.9,-4.6,1.1,-5.7
MP,1,1,24,25,5,3,1,7.4,-2.1,5.3,10.6,-5.3
MP,1,1,26,27,13,5,6,5.5,-1.1,4.4,9.2,-4.7
MP,4,1,18,6,25,6,1,5.7,0.4,6.0,6.5,-0.4
MP,2,5,2,5,5,1,4,10.3,1.5,11.8,6.0,5.7
NP,6,4,21,8,27,7,4,2.9,0.7,3.6,4.6,-0.9
NP,18,15,6,6,12,11,9,1.2,2.5,3.7,-1.4,5.2
NP,19,11,18,22,15,17,15,-2.6,1.5,-1.2,-1.7,0.5
NP,25,25,20,23,11,23,26,-11.1,1.7,-9.4,-6.0,-3.4
NP,20,7,19,26,19,20,18,-5.2,0.4,-4.8,-3.5,-1.3
NP,25,19,24,22,25,25,21,-14.1,2.1,-12.0,-3.6,-8.4
NP,18,10,20,10,25,20,10,-5.7,2.9,-2.8,-0.2,-2.6
NP,7,2,23,24,20,15,11,-2.1,-1.9,-4.1,2.6,-6.6
NP,14,15,17,21,13,14,18,0.3,-1.0,-0.7,0.5,-1.2
NP,5,2,4,6,5,4,5,0.9,0.7,1.5,-0.5,2.0
NP,3,2,5,6,9,4,3,5.1,1.0,6.2,5.8,0.4
NP,4,2,6,7,7,5,4,0.6,-0.2,0.3,3.2,-2.9
MP,7,9,15,17,13,6,12,5.2,0.1,5.3,4.2,1.1
MP,22,11,1,1,21,10,1,4.8,0.7,5.4,-0.8,6.2
NP,11,7,17,13,15,12,8,1.9,2,3.9,2.2,1.7
MP,2,2,20,19,4,3,3,8.9,-0.4,8.5,9.5,-1.1
MP,1,10,12,19,9,3,10,9.3,-0.2,9.2,8.2,1
NP,32,32,23,9,28,30,30,-10.6,-0.5,-11.1,-9.5,-1.6
NP,29,32,13,23,14,19,31,-3.1,3,-0.2,-3.8,3.6
NP,21,28,16,17,19,21,25,-1.9,1,-0.8,-1.2,0.4
NP,21,30,13,15,9,17,27,-1,3.2,2.2,0.4,1.8
NP,25,23,14,14,17,22,20,-3.1,3.4,0.4,-2.1,2.4
NP,32,31,26,22,23,32,30,-13.4,2.9,-10.4,-8.4,-2.1
NP,26,26,12,19,10,19,24,-2.4,-4.2,-6.7,-6.3,-0.4
NP,32,29,31,29,30,32,30,-16.3,-1.1,-17.4,-11.7,-5.8
NP,30,27,31,28,23,31,28,-14.6,-0.5,-15.1,-8.1,-7
NP,28,24,31,21,27,32,25,-10.9,-2,-13,-6.5,-6.5
NP,10,6,28,23,2,18,11,-0.9,-3.1,-4,0.8,-4.7
NP,11,9,31,30,28,21,22,-4.1,-1,-5.1,1.3,-6.4
MP,19,6,25,17,32,25,8,-4.6,-1.4,-6,-2.2,-3.8
MP,2,9,17,16,7,3,12,7.4,-1.6,5.9,6,-0.2
NP,23,13,23,13,32,25,11,-3.3,0,-3.3,-1.6,-1.8
MP,1,1,7,3,26,1,1,14.4,-1,13.4,10.4,2.9
MP,1,1,31,23,26,10,1,4.3,-1.2,3.1,12.6,-9.5
MP,1,1,4,6,9,1,1,17.8,-5.9,11.9,8.7,3.2
NP,24,27,24,10,27,25,22,-5.8,3.5,-2.3,-2.3,0
NP,23,21,19,17,6,23,19,-3.8,-0.2,-4,-1.8,-2.2
NP,20,27,27,26,21,27,30,-6.6,0.3,-6.3,-1.7,-4.6
NP,22,15,29,12,19,27,15,-6.8,0.4,-6.4,-1.8,-4.6
NP,21,21,23,16,25,24,20,-4.9,-0.3,-5.3,-3.2,-2.1
NP,26,18,25,24,23,27,22,-9.1,0.7,-8.4,-5,-3.4
NP,12,13,27,27,19,20,22,-4.4,1.5,-2.9,1.1,-4
NP,24,18,27,23,28,25,21,-9.8,3.7,-6,-2.6,-3.4
NP,12,5,25,21,10,22,14,-4.2,-0.1,-4.2,2.3,-6.5
MP,2,4,17,21,9,7,8,5.1,-0.5,4.6,5.7,-1.1
MP,3,3,7,9,10,3,5,7.1,-0.6,6.5,5.6,0.9
NP,16,19,22,21,21,21,23,-2.9,1.1,-1.8,-0.6,-1.2
MP,17,23,4,5,9,10,18,2.6,-0.8,1.9,-1.1,2.9
MP,15,26,4,5,3,7,17,3.9,-1.3,2.6,-1,3.6
MP,12,21,13,14,8,11,20,1.9,0.4,2.3,1,1.3
MP,11,12,15,15,18,10,16,1.1,1.8,2.9,2,0.9
NP,9,6,28,27,24,25,23,-5.6,-1.4,-6.9,0.9,-7.9
NP,21,24,17,8,24,19,20,-3,0.6,-2.4,-1.4,-1
MP,3,2,7,4,9,3,2,8.4,-1.9,6.5,4.4,2.1
MP,15,13,11,7,21,13,6,0.9,-1.5,-0.6,-1.2,0.6
MP,9,6,4,1,15,6,3,4.4,-1.2,3.2,1.3,1.9
MP,4,5,2,4,4,1,2,11.1,-2.7,8.5,3.8,4.6
MP,3,5,3,4,4,3,2,11.5,-1,10.5,5.9,4.5
MP,11,9,1,2,3,3,4,12.6,-3.5,9.1,0.5,8.7
MP,13,9,1,3,16,6,4,5.9,-1.9,3.9,-0.1,4
MP,1,1,4,1,1,1,1,15,-1.6,13.4,8.2,5.2
NP,14,7,16,11,17,15,9,0.4,-0.9,-0.5,0.1,-0.6
NP,5,8,8,14,10,10,10,3.8,2.8,6.6,4.2,2.4
NP,4,6,2,3,8,3,3,8.8,0.8,9.6,4.4,5.3
MP,4,12,5,6,1,3,8,5.5,1.6,7.1,3.2,3.9
NP,5,8,3,1,2,4,3,8,0.7,8.7,2,6.7
MP,1,6,1,3,1,1,2,14.4,-0.9,13.6,6.6,7
MP,2,10,22,22,5,6,16,6.7,-1.5,5.2,6.1,-0.9
MP,3,7,13,4,23,5,2,6.5,0.3,6.8,5.1,1.7
MP,9,15,4,3,27,6,5,5.6,1.2,6.9,2.1,4.8
MP,12,11,9,4,24,9,5,2.9,1.5,4.3,0.7,3.7
NP,16,14,19,3,24,18,6,-1.4,1.6,0.2,0,0.2
NP,17,7,8,5,16,11,3,0.8,-0.8,0,-1.6,1.7
NP,16,19,23,19,12,18,21,-2.8,-0.8,-3.6,-0.3,-3.3
MP,4,4,7,3,17,6,2,8.6,-1.8,6.8,5.5,1.3
NP,31,31,23,26,30,30,31,-11.4,1.1,-10.3,-8.7,-1.6
NP,16,9,29,29,22,23,18,-4.6,-0.3,-4.9,0.2,-5.1
MP,15,23,12,21,11,15,24,0.1,1.3,1.4,0.3,1.1
MP,1,3,2,1,4,1,1,16.8,-1.5,15.3,9.8,5.5
NP,23,23,11,9,28,15,14,-2,0.4,-1.6,-3.2,1.5
MP,1,1,2,3,4,1,2,15.7,-1.4,14.3,10,4.3
MP,9,1,19,19,16,13,4,0.5,0.5,1,2.3,-1.3
NP,32,32,18,3,32,32,26,-10.3,0.6,-9.6,-10.3,0.7
NP,23,25,26,22,28,28,26,-7.2,1.2,-6,-3.5,-2.5
NP,29,29,24,27,15,28,29,-7.8,0.3,-7.5,-6.5,-1
MP,4,7,19,18,16,8,9,4.5,-0.9,3.6,4,-0.4
MP,2,1,6,11,5,3,2,9.1,1.5,10.6,6.3,4.3
NP,2,7,14,16,12,8,13,4.7,-1,3.7,4.8,-1.1
MP,3,3,8,12,8,4,2,8.4,-0.3,8,5,3
MP,10,3,3,2,15,7,2,8.4,-1.7,6.7,0,6.7
MP,1,2,9,16,2,1,7,9.1,-0.1,9,6.4,2.7
NP,18,19,10,10,16,13,16,1.1,0.7,1.8,0,1.9
MP,13,19,7,4,14,9,13,4.3,2.2,6.6,2.2,4.4
NP,24,11,24,19,21,27,14,-6.6,-0.3,-6.9,-2.5,-4.4
NP,10,8,30,25,30,21,17,-2.8,0.8,-2,2.9,-4.9
MP,18,11,26,14,27,23,13,-3.8,0.6,-3.3,-0.7,-2.6
NP,24,23,29,22,27,29,24,-8.2,0.2,-8,-3.8,-4.2
NP,23,21,25,27,18,26,24,-5.8,3,-2.8,-1.2,-1.6
NP,12,8,8,8,21,9,7,2.9,-0.5,2.4,0.3,2.1
NP,17,13,28,30,18,26,30,-5.9,0.8,-5.1,-0.1,-5
NP,22,18,20,5,24,21,12,-4.3,-1.4,-5.6,-4.1,-1.5
NP,25,21,15,21,26,22,21,-4.4,0.7,-3.6,-3.6,0
NP,23,17,20,23,29,25,23,-4.5,-0.2,-4.7,-3,-1.8
NP,28,23,32,26,26,31,27,-11.1,1.8,-9.3,-5.2,-4.1
NP,6,10,20,11,17,14,9,2.4,-2.3,0.2,2.3,-2.2
NP,26,18,28,18,23,29,17,-9.6,-1.3,-10.8,-4.6,-6.2
NP,31,32,32,21,32,32,30,-12.4,3.4,-9,-4.3,-4.7
NP,17,24,22,22,17,17,24,-2.5,2.3,-0.2,1.4,-1.6
MP,7,6,20,26,1,11,19,1.9,1.3,3.3,3.5,-0.3
MP,14,13,21,9,18,18,10,-1.3,0.6,-0.7,1.1,-1.7
MP,1,1,2,2,2,2,2,9.6,-0.6,9,5.6,3.4
MP,4,2,12,18,19,7,7,8.1,0.4,8.5,6.3,2.2
MP,1,2,14,15,6,4,4,8.6,1.7,10.4,8.8,1.6
NP,10,10,10,16,13,8,10,1.8,0.9,2.6,1.6,1.1
NP,7,11,17,21,6,11,20,1.8,2,3.8,3.8,0
MP,7,16,10,11,6,9,13,3.6,0.6,4.2,2.9,1.3
NP,8,5,16,10,11,10,4,3.8,2.9,6.8,5.7,1
MP,3,6,9,17,3,1,12,11.3,-1.5,9.7,8,1.8
NP,26,25,25,30,18,26,30,-6.8,1.3,-5.5,-4.2,-1.3
NP,19,19,17,10,22,15,14,-1.5,-0.1,-1.6,-1.9,0.3
NP,15,11,10,11,16,12,10,1,1.1,2.1,1.1,1
NP,18,17,31,30,29,31,29,-7.6,3.4,-4.3,-0.6,-3.7
NP,22,25,16,15,16,21,23,-1.9,-0.8,-2.7,-3.1,0.3
NP,15,22,6,20,3,11,24,4.1,-1.2,3,0.3,2.7
NP,25,27,32,30,27,32,31,-11.8,0.2,-11.6,-2.4,-9.1
NP,26,31,27,29,11,30,30,-7.1,-1.7,-8.8,-3.6,-5.2
NP,28,25,29,16,29,29,25,-7,0.7,-6.3,-3.9,-2.4
MP,17,24,18,29,13,24,29,-1.1,-1.3,-2.4,-0.6,-1.8
NP,27,26,19,25,18,28,27,-4.9,-1.9,-6.8,-4.7,-2.2
NP,11,14,20,12,14,15,13,0.9,1.6,2.6,2.9,-0.4
NP,26,27,8,21,18,18,28,-1.1,0.3,-0.8,-2.9,2.1
NP,27,27,7,21,24,20,28,-1.8,-0.8,-2.6,-5.5,2.9
NP,20,22,6,15,24,14,22,1,-0.1,0.9,-2.2,3.2
NP,30,21,14,6,30,22,11,-3.8,4.1,0.3,-2.8,3.1
NP,15,17,25,22,26,20,20,-1.9,3.6,1.7,2.9,-1.2
MP,21,12,9,15,1,16,18,1.8,-2.3,-0.5,-2.4,1.8
NP,26,28,30,23,22,31,27,-10.6,2.3,-8.4,-4.1,-4.2
NP,29,20,5,4,13,19,12,-1.4,2.1,0.7,-3.3,4
NP,16,14,15,18,14,17,18,0.1,-0.8,-0.8,-1.1,0.3
NP,28,29,20,8,29,26,25,-4.9,2.7,-2.2,-2.7,0.5
NP,17,24,3,10,10,12,19,3.1,0.3,3.4,-0.7,4.1
NP,12,15,4,3,15,5,7,4.8,1.2,6.1,1.7,4.4
MP,8,21,11,5,26,9,12,3.4,-0.7,2.7,-0.3,3.1
MP,16,26,3,6,5,8,20,6.1,1,7.1,0,7.1
MP,13,20,19,5,23,21,6,-0.6,2.5,1.9,1.2,0.7
MP,16,16,1,3,7,10,8,3.5,2.4,5.9,-0.7,6.5
MP,13,11,16,26,8,14,17,0.8,0.6,1.3,1,0.3
NP,13,14,17,17,4,13,15,0.9,-0.6,0.3,0.6,-0.4
MP,7,8,10,16,18,7,9,4.1,-1.4,2.7,3.1,-0.4
MP,3,1,17,19,13,7,4,3.9,0.3,4.2,4.5,-0.3
NP,5,2,24,20,22,15,5,-0.1,-0.3,-0.5,3.9,-4.3
MP,8,5,11,10,15,11,6,3.7,-2.2,1.5,2.1,-0.6
NP,6,7,24,25,23,18,16,-0.4,-3.7,-4.1,0.7,-4.8
MP,14,11,4,7,10,7,8,5.9,-1.2,4.7,0.5,4.2
NP,15,7,22,24,27,19,17,-3,-1.8,-4.8,-0.6,-4.2
NP,17,5,24,26,20,20,14,-3.8,1,-2.8,1,-3.9
NP,7,4,16,26,18,9,11,1.8,0.3,2.1,3.2,-1.1
NP,1,2,26,26,22,12,9,1.6,-1.1,0.5,6.2,-5.7
MP,4,6,12,23,13,5,14,6.8,0.3,7,6.1,0.9
MP,1,1,7,19,5,2,2,13.4,-2.9,10.6,9.1,1.5
MP,7,16,1,7,2,2,14,8.7,-1,7.7,2.6,5.2
MP,10,19,2,1,7,3,8,7.4,0.8,8.2,2.6,5.6
MP,11,16,5,15,12,8,14,4.4,-1.5,2.9,0.1,2.8
NP,24,26,9,14,11,19,23,-2.4,0.9,-1.6,-4.6,3.1
MP,11,16,4,4,12,4,7,5.3,-0.9,4.3,0.3,4
MP,2,13,6,23,1,3,20,7.4,0.2,7.6,4.2,3.3
NP,3,10,5,16,9,5,10,8.3,-0.5,7.8,4.4,3.5
NP,15,13,15,26,8,15,22,-0.1,0,-0.1,-1.8,1.7
NP,6,11,4,6,13,4,7,9.6,-0.3,9.3,3.3,6
MP,3,11,6,8,11,5,8,7.9,-1.8,6.1,3.9,2.3
MP,5,9,1,3,12,2,4,13.8,-0.5,13.3,5,8.3
MP,1,1,1,1,2,1,1,15.3,-4.3,11,4.5,6.5
MP,4,5,3,5,7,3,4,10.1,-2.4,7.7,2.4,5.3
MP,11,11,5,15,7,8,14,4.9,-6.3,-1.3,-1.3,0
NP,9,9,7,5,9,9,8,-7.1,0.4,-6.6,-4.4,-2.2
NP,6,6,7,9,3,6,6,-5.6,-0.9,-6.5,-2.5,-4
NP,9,6,8,8,6,9,8,-13.4,1.2,-12.2,-6.2,-6
MP,6,15,2,4,8,3,6,9.4,-0.9,8.5,3.6,4.8
NP,27,27,7,15,13,19,22,-1.7,0.7,-1,-4.2,3.2
MP,7,15,1,1,1,2,4,12.2,-1.8,10.4,2.8,7.6
MP,4,5,7,21,5,5,8,6.9,-1.8,5.2,3.1,2.1
MP,2,1,5,29,11,1,9,10.1,-1.2,8.9,6.3,2.6
MP,3,4,1,8,3,1,2,11.9,-2.7,9.3,4.3,5
MP,3,6,10,9,5,3,8,9.4,-2.4,7,5.3,1.7
MP,4,11,8,13,2,1,10,9.7,1.3,10.9,7.5,3.5
MP,3,7,10,26,8,8,13,6.6,-0.7,5.9,4.5,1.4
MP,1,1,9,25,1,1,5,14.1,-1.4,12.8,12.2,0.5
MP,3,2,15,31,3,3,10,10.7,-1.4,9.3,9.4,-0.1
MP,1,8,8,25,1,1,19,12.8,2.6,15.4,12.6,2.8
MP,6,3,5,11,8,4,3,8.9,2.3,11.2,6.7,4.5
NP,8,5,8,10,15,6,6,6.3,-2.4,3.9,2.3,1.6
MP,1,1,4,4,3,1,1,19.7,0.4,20.1,15.9,4.2
MP,7,11,2,6,4,4,8,9.3,1,10.2,4.3,5.9
MP,10,7,17,26,20,13,14,2.6,0.6,3.1,3.7,-0.5
MP,4,7,2,9,8,1,4,11.1,1.8,12.8,6.4,6.5
MP,12,17,1,7,2,6,14,6.9,0.1,6.9,2.1,4.9
NP,10,21,17,23,10,14,20,2.2,1.8,4,2.1,1.9
MP,6,19,6,24,9,7,25,6.2,-1.9,4.3,1.2,3.1
NP,25,22,17,20,18,23,24,-3.9,1.4,-2.5,-2.7,0.2
NP,20,18,7,8,15,16,12,0.9,1.3,2.2,-1,3.2
MP,11,11,14,20,9,14,15,0.5,3.4,3.9,1.1,2.8
MP,8,15,8,19,4,5,14,5,0.3,5.3,2.3,3
MP,2,7,14,19,7,5,12,6.6,-1.5,5.1,4.9,0.2
NP,23,12,25,28,25,25,19,-5.2,-0.2,-5.4,-2.8,-2.6
MP,8,4,12,18,11,9,7,2.4,0.8,3.2,1.9,1.3
NP,22,12,11,13,24,22,11,-3,-0.8,-3.8,-4,0.3
NP,27,27,23,19,27,27,28,-9.9,-1.1,-11,-6.5,-4.5
NP,25,22,15,26,25,23,25,-5.9,-2.8,-8.7,-7.9,-0.8
NP,28,26,27,27,18,28,28,-16.6,2,-14.6,-7.5,-7.1
NP,21,8,23,23,22,23,18,-5.9,-1.2,-7,-3,-4
NP,24,27,5,5,19,16,20,-2.1,2,-0.2,-4.5,4.4
NP,15,23,9,11,4,9,20,1.8,1.3,3.1,0.5,2.6
MP,2,13,10,16,2,5,12,6.6,-0.9,5.7,4.4,1.3
MP,10,9,6,7,7,6,6,4.5,1.3,5.8,2,3.8
NP,10,14,18,9,18,12,11,0.6,-0.8,-0.1,1,-1.1
NP,24,13,3,20,16,15,20,-0.9,-0.1,-1,-4.7,3.7
MP,21,21,7,13,4,17,17,-1.6,-0.8,-2.4,-3.7,1.3
NP,15,9,22,25,27,19,18,-3,-0.7,-3.7,-0.6,-3.1
NP,2,10,17,8,14,5,7,7.3,-0.8,6.5,6.8,-0.3
NP,2,8,15,3,9,3,3,5.3,-0.2,5.1,6.1,-1.1
MP,4,1,13,9,17,5,2,4.5,0.5,5,3.6,1.4
NP,9,11,9,5,21,8,5,4.4,-0.4,4,2.5,1.5
MP,2,8,11,11,3,4,10,10,-1.4,8.6,6.5,2.2
NP,14,13,22,14,26,21,15,-7.1,2.9,-4.3,-2.3,-2
NP,2,6,20,13,15,9,9,4.2,0.6,4.8,6.6,-1.8
NP,16,17,16,18,23,15,18,-3,-3,-6,-2.6,-3.4
NP,24,21,26,26,25,26,26,-18.1,0.7,-17.4,-6.3,-11.1
NP,19,21,21,15,17,22,21,-6.2,1.1,-5.1,-2.1,-3
NP,26,26,26,23,25,26,26,-15.1,-0.7,-15.9,-9.1,-6.8
NP,8,10,6,9,4,7,9,-3.6,-0.5,-4,-2.2,-1.8
NP,8,9,10,7,10,10,8,-12.6,-0.2,-12.8,-5.9,-6.9
NP,5,5,7,6,9,7,6,-7.8,1.1,-6.7,-1.7,-5
NP,19,28,4,7,8,14,21,1.7,0.3,2.0,-1.5,3.6
MP,5,12,5,4,3,2,2,9.1,0.5,9.6,5.1,4.5
MP,3,9,13,11,2,5,7,7.3,0.0,7.4,5.0,2.3
MP,3,8,14,14,7,1,10,9.4,0.6,10.1,7.9,2.2
MP,4,2,10,17,9,6,5,7.6,1.5,9.2,7.0,2.2
NP,2,1,31,27,23,17,3,0.9,0.6,1.5,6.8,-5.3
NP,8,2,32,31,15,22,18,-4.3,-2.3,-6.6,1.1,-7.6
NP,9,1,28,31,31,20,9,-1.4,-1.5,-2.9,1.9,-4.8
MP,10,4,4,4,14,7,2,6.9,1.9,8.8,3.8,5.0
NP,3,2,31,32,14,15,26,0.4,1.0,1.4,6.5,-5.1
MP,2,1,13,24,19,1,2,13.0,-1.6,11.4,10.6,0.8
MP,11,6,7,4,23,7,4,4.8,-2.5,2.3,1.5,0.8
MP,1,1,20,25,3,1,9,10.6,0.2,10.8,11.2,-0.5
NP,1,1,26,23,22,10,3,4.4,-0.3,4.0,6.8,-2.8
NP,12,4,25,26,22,19,14,-0.6,-2.0,-2.5,1.9,-4.5
MP,5,1,13,11,22,6,1,5.7,-1.6,4.0,4.9,-0.9
NP,31,20,28,14,31,30,19,-10.2,-0.9,-11.1,-6.2,-4.9
NP,14,15,27,32,10,24,31,-3.6,-2.0,-5.6,-1.2,-4.3
NP,14,11,14,18,18,17,15,0.9,-1.1,-0.3,0.1,-0.4
NP,3,19,26,27,9,10,25,2.8,-0.3,2.4,5.8,-3.3
NP,13,10,27,16,21,24,13,-4.8,-0.1,-4.8,-0.1,-4.7
MP,10,10,10,8,8,12,10,3.1,-2.2,0.9,-1.2,2.1
NP,29,19,28,20,19,29,24,-10.9,-1.3,-12.1,-5.3,-6.9
NP,21,28,21,26,16,19,30,-3.4,3.5,0.1,-1.5,1.6
NP,30,30,16,4,30,25,27,-5.6,-1.8,-7.4,-6.8,-0.6
NP,29,29,20,13,28,28,27,-6.9,-1.2,-8.1,-7.1,-1.0
NP,20,19,18,22,7,20,20,-1.8,-0.3,-2.2,-1.7,-0.4
NP,9,12,27,25,15,22,17,-3.7,0.1,-3.6,1.0,-4.6
NP,11,21,22,7,20,20,15,-1.6,0.3,-1.3,0.7,-2.1
MP,10,14,1,2,5,3,7,8.0,-0.2,7.8,0.7,7.1
MP,8,15,1,2,1,5,4,8.1,0.9,9.0,2.8,6.3
MP,22,23,8,15,26,16,18,-0.1,-1.2,-1.3,-4.7,3.4
NP,5,11,11,12,7,6,15,5.3,-0.7,4.6,2.3,2.2
NP,18,16,4,12,15,11,13,1.8,-0.3,1.5,-1.0,2.6
MP,2,14,5,4,1,3,7,9.3,0.8,10.1,6.8,3.3
NP,19,21,7,14,14,15,19,0.1,0.0,0.0,-2.5,2.5
NP,21,27,22,24,11,23,26,-6.7,-0.1,-6.8,-3.0,-3.9
NP,20,20,19,4,28,22,15,-3.9,1.0,-2.9,-1.7,-1.2
NP,17,23,12,2,20,16,10,-1.1,1.1,0.0,-1.1,1.1
NP,26,20,8,5,19,21,13,-3.4,-0.3,-3.8,-5.7,1.9
NP,28,25,24,11,22,27,23,-10.7,1.2,-9.5,-7.2,-2.3
NP,21,17,28,28,27,28,27,-12.3,1.8,-10.4,-1.1,-9.4
NP,6,4,22,22,8,14,14,0.6,-1.8,-1.2,2.3,-3.5
NP,16,8,16,15,2,16,9,-1.1,-0.6,-1.7,-0.5,-1.2
NP,15,21,26,25,21,24,25,-7.4,-1.7,-9.2,0.3,-9.4
NP,17,21,23,19,7,22,23,-6.6,0.5,-6.1,-0.6,-5.5
NP,26,26,23,13,15,26,24,-13.9,-0.1,-14.1,-8.2,-5.9
NP,24,17,14,7,11,22,15,-6.9,-0.4,-7.3,-5.7,-1.7
NP,26,22,18,23,19,24,24,-10.6,1.9,-8.8,-7.0,-1.7
NP,22,20,23,21,21,23,22,-10.4,0.2,-10.2,-5.3,-5.0
NP,15,19,24,22,1,20,22,-5.8,3.0,-2.7,1.4,-4.1
NP,25,21,24,26,14,25,25,-12.5,4.6,-7.9,-4.6,-3.3
NP,6,3,15,15,12,13,12,-5.9,-1.5,-7.3,0.1,-7.4
NP,12,12,11,9,8,11,12,-5.8,-0.7,-6.5,-3.9,-2.6
NP,14,12,13,13,10,15,15,-10.4,-0.4,-10.8,-6.7,-4.1
NP,31,31,23,21,26,29,30,-9.3,1.0,-8.3,-7.7,-0.6
NP,31,31,9,12,17,24,28,-4.8,0.4,-4.4,-6.7,2.3
NP,18,23,30,25,31,28,26,-6.9,-1.0,-7.9,-1.8,-6.1
NP,16,17,23,24,13,22,24,-2.7,0.5,-2.2,0.8,-2.9
NP,31,21,27,31,20,31,31,-8.9,1.3,-7.6,-6.4,-1.2
MP,26,25,2,10,21,12,22,1.6,0.5,2.1,-3.2,5.4
NP,6,8,30,32,5,16,29,-1.4,-2.2,-3.6,2.5,-6.1
NP,13,10,22,29,19,19,20,-1.3,-0.4,-1.7,0.8,-2.5
NP,28,28,18,8,31,23,22,-5.6,0.2,-5.4,-6.2,0.8
NP,6,14,12,31,4,8,24,5.3,0.9,6.2,4.0,2.2
MP,9,8,25,27,7,19,12,-0.4,2.0,1.6,3.1,-1.5
NP,7,5,17,7,18,11,3,2.9,-0.8,2.1,1.7,0.4
NP,8,8,30,13,24,19,10,-1.6,1.6,0.1,4.6,-4.5
MP,3,7,5,5,4,3,4,8.3,0.1,8.4,5.5,2.8
MP,14,16,17,7,26,13,11,1.4,1.9,3.3,2.8,0.4
MP,11,14,24,25,17,16,19,-0.4,0.5,0.1,1.2,-1.1
MP,3,4,14,24,4,6,8,6.8,0.7,7.5,5.8,1.7
NP,22,23,17,13,14,22,24,-2.8,-1.2,-3.9,-2.3,-1.6
NP,30,20,29,22,31,31,23,-9.0,0.4,-8.6,-4.8,-3.7
MP,22,6,3,9,18,12,5,2.6,-1.7,0.8,-2.2,3.0
NP,21,9,16,14,16,18,7,-1.7,-0.1,-1.8,-1.8,0.0
MP,15,13,5,5,9,9,8,5.1,-2.7,2.4,-1.3,3.8
NP,20,17,23,13,25,23,15,-3.7,0.7,-3.0,-1.8,-1.2
NP,23,29,8,19,13,15,23,-1.4,-1.9,-3.2,-4.3,1.1
MP,21,27,3,18,1,10,25,2.6,-1.1,1.5,-1.8,3.3
NP,28,30,10,14,14,20,29,-3.4,-0.7,-4.1,-5.7,1.5
NP,24,29,16,17,9,23,26,-3.1,1.6,-1.5,-2.6,1.1
NP,22,28,8,11,8,16,24,-1.6,-0.1,-1.7,-2.7,1.0
MP,18,10,1,5,3,6,7,5.2,-0.5,4.6,-0.8,5.4
NP,13,22,26,18,12,17,21,-3.8,2.0,-1.8,1.6,-3.4
NP,19,16,12,7,17,19,11,-1.0,2.0,1.0,-0.6,1.5
MP,15,17,1,2,2,2,6,7.8,-0.1,7.7,0.0,7.6
MP,12,20,2,5,9,4,11,6.0,0.4,6.4,1.9,4.6
NP,8,20,9,11,7,9,16,3.4,-1.3,2.2,1.5,0.7
NP,22,18,13,7,23,18,12,-2.1,1.4,-0.7,-2.9,2.2
MP,8,10,2,2,6,2,5,8.4,0.6,9.0,3.2,5.8
MP,6,5,5,2,14,4,2,7.3,-3.3,3.9,2.1,1.8
MP,19,13,8,11,5,15,14,-0.1,1.0,0.8,-2.2,3.1
NP,25,15,16,5,27,23,8,-5.0,2.9,-2.1,-5.5,3.4
NP,17,16,8,7,16,11,14,0.4,0.5,1.0,-1.9,2.9
MP,22,28,3,3,16,13,22,2.4,1.0,3.4,-2.2,5.5
NP,26,27,27,24,14,27,28,-11.0,1.3,-9.7,-4.3,-5.5
NP,27,28,14,19,15,25,28,-5.4,-0.8,-6.1,-5.4,-0.8
NP,19,23,16,22,13,22,24,-2.1,-0.4,-2.5,-1.1,-1.3
NP,24,24,21,12,13,21,23,-6.0,-0.2,-6.2,-4.0,-2.2
NP,25,22,14,16,24,19,19,-5.7,2.3,-3.4,-5.5,2.1
NP,23,22,17,21,21,20,22,-6.4,-0.4,-6.8,-6.2,-0.6
NP,22,18,23,24,23,23,23,-7.4,1.8,-5.6,-3.5,-2.1
NP,20,14,22,15,20,22,15,-9.7,2.2,-7.5,-2.8,-4.7
NP,8,4,7,18,5,6,12,6.0,-0.1,5.9,3.5,2.4
NP,21,10,25,21,25,25,16,-9.6,1.6,-8.0,-1.7,-6.3
NP,8,5,15,17,9,10,8,2.2,-0.2,2.0,1.9,0.1
NP,13,6,8,8,5,10,6,-2.4,-2.0,-4.5,-3.8,-0.7
NP,7,5,10,10,3,9,8,-2.2,-0.1,-2.4,0.0,-2.4
NP,3,3,13,11,7,9,5,-0.7,-0.9,-1.6,4.3,-5.9
NP,28,26,32,32,29,31,31,-11.4,1.0,-10.4,-3.6,-6.7
NP,32,32,26,24,17,32,32,-13.4,1.9,-11.5,-8.7,-2.8
NP,31,32,16,7,23,25,27,-5.2,-1.1,-6.3,-5.7,-0.6
NP,23,29,29,25,27,29,29,-6.8,-1.1,-7.8,-2.0,-5.9
NP,24,28,22,25,23,26,28,-5.3,0.3,-4.9,-2.9,-2.1
NP,30,26,28,11,31,29,23,-8.4,-0.1,-8.5,-5.5,-3.0
NP,11,10,9,4,8,8,4,4.6,-3.0,1.5,-0.5,2.0
NP,28,22,24,6,29,26,18,-7.4,2.3,-5.0,-4.0,-1.0
NP,29,25,19,11,30,26,21,-6.1,0.0,-6.1,-4.7,-1.4
NP,28,30,20,8,29,26,23,-5.9,0.0,-5.9,-5.1,-0.9
NP,13,25,20,5,19,15,15,0.9,0.0,0.9,1.2,-0.3
MP,13,11,6,3,5,8,6,3.9,2.5,6.5,2.2,4.2
MP,17,20,1,1,16,7,5,7.0,1.6,8.6,1.1,7.5
NP,9,16,18,16,19,12,20,3.1,-2.8,0.2,2.2,-1.9
NP,25,26,19,18,20,22,22,-5.4,1.7,-3.7,-4.0,0.3
MP,18,25,6,20,17,12,22,1.3,0.7,2.0,0.4,1.7
NP,29,31,23,12,20,28,29,-7.2,0.8,-6.4,-5.2,-1.2
MP,17,12,4,7,2,8,6,4.5,2.1,6.6,0.5,6.0
NP,23,19,8,21,14,18,22,-1.0,0.4,-0.6,-1.9,1.3
MP,15,22,14,24,11,16,23,1.4,1.7,3.2,0.9,2.3
MP,17,24,12,19,1,12,22,0.8,0.0,0.8,-2.0,2.8
NP,17,12,13,10,20,18,11,0.0,3.5,3.5,1.4,2.2
NP,19,25,9,21,3,17,27,-0.1,3.1,3.1,0.2,2.9
MP,5,4,2,7,10,5,5,9.4,1.8,11.2,5.4,5.8
NP,12,22,6,24,12,9,26,3.8,-0.9,2.9,0.1,2.8
NP,27,11,29,27,30,30,21,-10.9,0.8,-10.1,-2.5,-7.6
NP,30,30,26,6,28,30,25,-9.4,-1.7,-11.2,-7.9,-3.3
NP,25,22,14,22,5,21,25,-3.5,1.3,-2.2,-3.7,1.5
NP,21,9,6,8,7,12,6,1.4,-0.6,0.8,-2.1,2.9
NP,25,20,18,16,14,25,18,-5.9,-0.9,-6.9,-6.0,-0.9
MP,11,6,10,12,4,13,9,1.3,-3.8,-2.4,-1.2,-1.2
NP,19,16,17,23,6,20,22,-3.1,-1.5,-4.6,-2.0,-2.6
NP,26,17,25,27,25,26,24,-9.9,-0.2,-10.1,-4.9,-5.2
NP,6,13,21,23,3,12,21,1.1,0.3,1.4,3.7,-2.4
NP,14,20,20,19,18,17,19,-1.7,0.4,-1.3,1.3,-2.7
MP,11,11,22,26,13,17,24,-1.4,0.0,-1.4,2.0,-3.3
MP,7,4,3,8,2,3,3,8.1,0.9,9.0,3.8,5.2
NP,15,16,20,21,14,18,21,-2.0,-2.5,-4.5,-1.8,-2.7
NP,19,11,10,13,22,16,13,-1.1,-0.1,-1.2,-1.9,0.7
MP,3,4,10,6,2,2,3,8.8,1.7,10.5,8.8,1.7
MP,9,15,8,5,9,9,9,4.3,-2.4,1.8,0.2,1.7
NP,18,20,24,22,23,23,25,-5.8,0.7,-5.1,-1.5,-3.6
NP,13,9,25,26,11,19,22,-2.9,0.0,-2.9,1.1,-4.0
NP,3,12,27,27,10,10,25,-0.3,1.4,1.1,4.4,-3.3
NP,22,19,24,26,26,25,26,-7.8,1.9,-5.9,-3.8,-2.0
NP,26,25,26,25,27,27,26,-15.3,1.5,-13.8,-7.1,-6.8
NP,14,14,26,26,21,24,25,-12.5,4.2,-8.3,-1.2,-7.1
NP,11,13,24,19,22,17,16,-1.5,-1.0,-2.5,1.1,-3.7
NP,17,16,17,16,15,18,16,-4.7,1.3,-3.4,-1.8,-1.6
NP,2,2,19,22,12,12,14,3.1,-2.6,0.5,4.7,-4.2
NP,23,26,19,19,12,22,24,-6.2,0.8,-5.4,-3.7,-1.6
NP,17,14,18,5,12,18,9,-2.2,-2.7,-4.9,-2.2,-2.7
MP,3,4,3,4,1,3,4,6.0,-2.0,4.0,3.2,0.8
MP,2,3,4,1,2,3,1,9.9,-2.1,7.9,7.0,0.8
NP,3,1,5,3,5,4,2,3.0,-0.6,2.4,3.6,-1.2
MP,12,14,18,10,16,13,8,3.5,-1.0,2.5,2.6,-0.1
NP,26,24,20,19,29,27,23,-5.3,0.8,-4.4,-2.8,-1.6
MP,12,14,15,10,22,11,11,1.9,-1.7,0.3,0.7,-0.4
MP,18,14,12,23,25,12,20,1.2,0.5,1.7,0.0,1.8
MP,3,7,4,4,4,1,4,10.1,-0.7,9.4,7.0,2.5
NP,16,22,12,13,7,9,21,2.3,1.6,3.8,1.3,2.5
NP,13,12,28,30,22,20,26,-3.3,-1.3,-4.6,-0.6,-4.0
NP,3,5,22,28,26,8,11,4.6,-0.7,3.9,6.6,-2.7
MP,4,2,17,29,4,9,10,3.8,-1.9,1.9,2.3,-0.5
NP,29,15,29,15,31,30,12,-10.3,1.4,-8.9,-5.3,-3.6
NP,8,4,10,8,30,9,4,4.3,0.5,4.7,3.1,1.7
MP,3,2,21,12,5,9,5,3.9,0.3,4.2,5.4,-1.2
MP,5,11,19,12,2,10,11,5.8,0.2,6.0,5.8,0.2
MP,6,9,4,3,14,4,1,7.9,-0.1,7.8,4.7,3.2
NP,17,6,9,10,25,11,7,2.3,3.0,5.3,0.1,5.1
MP,6,2,15,15,9,8,5,4.4,-1.0,3.4,3.2,0.2
NP,18,19,27,23,23,24,23,-4.9,2.6,-2.3,-0.7,-1.7
MP,8,9,2,10,11,4,9,7.9,-2.3,5.6,2.0,3.5
MP,11,18,7,20,8,8,20,5.4,-1.0,4.4,2.9,1.5
MP,4,10,2,4,4,1,6,10.9,-2.6,8.3,4.5,3.8
MP,9,17,2,7,7,3,11,8.4,-0.7,7.7,0.9,6.8
MP,12,17,4,10,13,6,17,6.6,-3.6,3.1,1.0,2.1
NP,25,30,22,24,8,25,30,-5.3,1.1,-4.2,-3.3,-0.9
NP,30,30,19,17,26,29,27,-11.4,-1.3,-12.8,-12.3,-0.5
NP,19,5,24,13,24,22,7,-3.4,0.5,-3.0,-0.7,-2.3
MP,9,4,21,5,17,12,3,1.4,-0.8,0.6,2.1,-1.6
MP,21,25,15,4,11,18,13,-1.3,-0.5,-1.7,-1.9,0.2
NP,17,14,11,4,6,12,9,0.0,0.6,0.6,-0.4,1.0
NP,17,15,19,17,13,19,18,-1.4,1.8,0.4,0.7,-0.3
MP,5,7,6,6,5,5,8,6.8,2.1,8.9,4.8,4.1
NP,18,25,5,1,8,9,6,2.6,2.1,4.7,-0.3,5.0
MP,3,3,12,12,8,6,3,6.1,-0.5,5.6,4.5,1.1
MP,13,12,5,8,1,11,10,4.3,0.8,5.1,1.9,3.2
MP,5,10,14,27,2,7,19,3.8,-0.3,3.4,2.3,1.1
NP,12,10,25,23,2,20,17,-2.9,0.8,-2.0,1.3,-3.3
NP,24,25,12,17,7,22,25,-3.5,2.0,-1.5,-2.9,1.4
NP,24,15,10,10,24,19,13,-1.5,-1.9,-3.4,-4.8,1.3
NP,23,26,14,12,15,19,23,-2.6,0.2,-2.4,-4.3,1.9
NP,28,27,8,18,23,24,25,-5.6,2.4,-3.1,-6.7,3.6
NP,11,18,19,20,7,13,21,-0.4,1.1,0.7,2.7,-2.0
MP,5,12,1,1,7,1,1,9.2,-0.5,8.7,2.0,6.7
MP,6,8,1,2,8,1,3,10.1,-0.4,9.7,2.9,6.8
MP,12,15,9,9,9,6,9,3.6,-0.9,2.7,0.3,2.4
MP,18,18,5,11,2,9,11,1.3,1.1,2.3,-1.1,3.4
NP,19,23,7,10,15,12,19,0.9,-1.5,-0.6,-2.5,1.9
NP,27,23,19,21,22,24,24,-8.6,0.0,-8.7,-7.3,-1.4
NP,21,17,16,20,6,19,17,-5.5,0.9,-4.6,-4.0,-0.6
NP,16,22,7,18,7,10,21,1.8,1.1,2.9,0.0,3.0
NP,8,2,25,25,11,20,17,-5.9,1.7,-4.2,3.5,-7.7
NP,26,24,22,24,22,24,23,-14.8,0.2,-14.6,-9.2,-5.3
NP,22,20,20,26,5,20,23,-5.8,1.5,-4.3,-2.7,-1.6
NP,19,12,22,12,23,21,13,-6.5,2.0,-4.5,-0.9,-3.6
NP,8,7,13,14,12,14,14,-7.0,-1.3,-8.3,-2.4,-5.9
NP,15,15,13,13,16,14,14,-10.6,-0.1,-10.8,-6.6,-4.2
NP,4,8,15,14,10,12,14,-4.1,-1.2,-5.3,2.2,-7.5
MP,21,23,20,24,13,22,25,-3.2,0.8,-2.5,-2.6,0.1
MP,12,24,3,3,3,7,12,6.5,-1.8,4.7,0.3,4.4
NP,27,30,5,5,7,18,22,-0.9,1.2,0.3,-4.3,4.6
NP,6,4,16,6,28,11,2,4.3,1.3,5.6,3.9,1.7
MP,8,3,7,5,14,7,3,6.1,-1.1,5.0,3.2,1.8
MP,10,7,10,12,9,5,7,4.5,0.2,4.7,2.8,2.0
MP,4,3,11,21,15,7,9,6.5,2.2,8.7,5.1,3.6
MP,7,2,18,18,16,10,4,4.3,-2.0,2.2,4.4,-2.1
NP,16,20,14,13,20,14,17,0.6,-2.5,-2.0,-0.9,-1.0
NP,22,21,6,1,24,14,4,1.4,-2.0,-0.7,-2.8,2.1
MP,21,12,1,1,28,7,1,6.1,-0.8,5.3,-0.8,6.0
MP,12,14,1,2,2,3,2,8.9,1.3,10.2,2.5,7.7
NP,12,7,12,5,20,14,6,2.8,-1.1,1.7,1.0,0.7
MP,20,22,1,1,11,5,2,7.8,2.0,9.8,1.6,8.2
MP,9,17,2,1,12,6,3,7.8,-2.5,5.2,0.9,4.3
NP,12,7,11,9,27,11,3,2.4,1.0,3.4,3.0,0.4
MP,9,15,3,4,9,5,7,8.2,-0.4,7.8,3.8,4.0
MP,11,16,1,1,5,5,2,7.6,1.4,9.0,3.4,5.6
NP,19,22,15,9,21,19,18,-1.7,0.6,-1.1,-2.5,1.4
MP,8,5,16,7,15,9,3,2.8,-0.1,2.7,3.1,-0.4
MP,7,3,3,1,9,2,2,8.8,-1.4,7.4,1.5,5.8
NP,17,18,6,7,6,11,18,4.1,-0.2,3.9,0.6,3.3
NP,17,22,12,11,12,19,18,-0.2,-2.2,-2.4,-2.2,-0.2
NP,28,25,7,12,19,17,21,-2.5,-1.3,-3.8,-5.1,1.3
MP,7,6,11,6,14,8,5,4.1,1.3,5.3,2.7,2.6
MP,11,15,4,2,7,6,5,5.4,-0.3,5.2,0.0,5.1
MP,5,6,9,3,14,6,2,5.0,-0.4,4.6,3.4,1.2
MP,16,13,2,2,1,5,5,5.1,-0.4,4.7,-0.2,5.0
MP,13,7,8,3,3,11,4,1.7,-0.2,1.5,0.1,1.5
MP,15,9,2,13,2,9,11,4.6,-1.0,3.6,-0.4,4.0
NP,17,20,22,22,11,21,22,-3.3,0.3,-2.9,-0.8,-2.2
NP,20,22,3,1,5,11,10,3.3,-1.6,1.6,-3.4,5.0
MP,24,28,15,19,3,21,28,-3.8,0.1,-3.7,-4.3,0.6
NP,13,15,28,28,22,24,24,-5.3,0.0,-5.3,0.1,-5.5
NP,20,25,10,13,4,16,24,-0.9,1.6,0.7,-2.2,2.9
NP,18,20,17,18,16,19,21,-1.8,0.9,-1.0,-1.3,0.3
NP,9,13,15,6,16,12,8,1.5,-2.0,-0.5,0.6,-1.1
MP,8,8,11,5,11,9,6,4.8,-1.6,3.3,2.4,0.9
MP,14,22,7,3,12,7,9,3.3,-3.3,-0.1,-1.2,1.1
MP,8,8,4,17,14,7,12,6.4,-1.3,5.2,3.4,1.8
NP,8,11,11,22,9,10,15,3.7,-1.0,2.7,1.2,1.5
NP,10,6,15,12,14,13,8,2.4,-0.2,2.3,2.4,-0.1
MP,1,1,5,2,24,2,1,9.6,2.3,11.9,6.8,5.1
MP,5,8,1,3,5,2,5,10.1,-1.9,8.2,2.6,5.6
MP,7,4,17,7,17,10,3,2.9,3.4,6.2,3.9,2.3
MP,5,9,1,1,2,1,1,14.6,0.8,15.3,5.7,9.6
MP,5,7,2,4,11,1,5,15.1,-0.9,14.2,5.4,8.8
MP,6,8,2,1,5,3,2,8.3,-1.5,6.8,2.3,4.5
MP,4,11,8,4,2,4,6,9.8,-1.6,8.2,4.5,3.8
MP,5,13,2,8,1,2,8,12.0,-2.0,10.0,3.4,6.6
NP,17,17,17,18,19,16,20,-3.3,-0.3,-3.6,-1.8,-1.8
NP,21,20,16,14,22,20,19,-4.4,-3.0,-7.4,-5.9,-1.5
NP,15,14,16,10,10,16,15,-13.3,-0.7,-14.0,-6.0,-7.9
NP,13,6,16,15,15,15,13,-10.9,0.9,-10.0,-3.1,-6.9
NP,10,11,9,8,12,11,9,-2.8,-0.6,-3.4,-2.7,-0.7
NP,16,20,11,28,10,14,27,1.7,0.2,1.9,0.4,1.5
MP,8,17,15,22,10,9,19,5.5,0.0,5.5,4.8,0.7
MP,9,8,22,26,3,14,17,0.4,2.3,2.7,2.9,-0.2
MP,6,18,11,16,1,10,19,5.1,-0.6,4.5,3.0,1.5
NP,11,15,13,11,8,13,13,2.1,-0.2,1.9,0.7,1.2
MP,18,12,3,5,16,6,5,3.9,-1.7,2.1,-2.4,4.5
MP,4,4,1,2,5,4,1,9.1,2.2,11.3,5.4,6.0
MP,10,9,1,1,4,2,1,8.8,0.8,9.5,2.4,7.1
MP,8,17,1,1,1,2,3,11.6,1.4,13.0,4.1,8.9
MP,9,17,1,4,5,3,7,10.4,1.8,12.2,4.5,7.7
NP,23,28,7,9,5,18,23,0.4,0.4,0.8,-0.5,1.3
MP,23,28,25,27,27,28,30,-6.1,-3.4,-9.4,-3.9,-5.5
NP,25,21,25,24,26,26,25,-6.9,-2.4,-9.3,-5.0,-4.4
NP,25,28,25,30,25,26,30,-6.1,-1.5,-7.6,-4.9,-2.8
MP,9,9,6,15,5,8,10,6.4,-4.6,1.8,0.8,0.9
MP,14,19,19,19,27,15,21,-0.4,-3.2,-3.6,-1.7,-1.9
MP,1,2,7,16,7,2,3,11.3,-2.2,9.1,5.8,3.4
MP,12,8,22,26,9,16,15,-0.1,-2.8,-2.9,0.4,-3.3
MP,7,6,15,19,18,10,13,4.8,-0.7,4.1,3.6,0.5
NP,16,7,23,28,14,19,17,-0.9,-0.4,-1.3,0.0,-1.2
NP,19,25,18,20,11,16,24,-1.4,-0.4,-1.9,-1.4,-0.4
NP,19,19,25,31,23,25,30,-5.3,1.6,-3.7,-1.4,-2.3
MP,12,23,8,23,12,12,26,2.5,2.0,4.5,1.9,2.6
NP,10,23,10,27,7,9,29,3.9,-2.4,1.5,0.9,0.6
NP,9,3,22,8,19,15,3,0.2,0.0,0.1,1.8,-1.7
NP,16,19,24,24,11,21,22,-3.7,2.0,-1.7,1.0,-2.6
NP,10,13,23,25,25,17,21,-0.2,-0.4,-0.6,1.6,-2.2
NP,20,24,16,23,11,18,26,-2.3,-1.2,-3.4,-2.8,-0.6
NP,19,23,18,23,8,21,23,-2.1,0.9,-1.2,-0.8,-0.5
NP,28,28,17,10,24,28,26,-10.8,0.8,-10.0,-9.8,-0.2
NP,20,21,8,8,22,14,17,0.9,0.2,1.2,-1.5,2.7
NP,18,21,11,9,23,14,15,1.3,1.5,2.7,-0.5,3.3
NP,27,26,16,14,23,22,22,-5.4,2.6,-2.8,-3.6,0.8
MP,12,23,16,24,7,14,25,0.6,-1.4,-0.7,1.2,-2.0
MP,6,17,14,22,14,8,21,3.8,-1.9,1.9,2.4,-0.4
NP,10,8,8,22,7,7,15,4.6,1.8,6.4,2.4,4.0
NP,13,18,8,11,10,9,18,2.9,1.5,4.3,0.3,4.1
MP,5,18,5,6,1,3,13,8.5,0.5,9.0,5.4,3.5
MP,6,19,24,27,2,13,27,0.4,1.1,1.5,3.4,-2.0
NP,27,22,5,12,19,19,19,-2.2,-3.2,-5.4,-7.5,2.0
NP,15,20,25,26,6,21,26,-4.1,0.8,-3.3,-0.1,-3.2
NP,21,21,25,13,19,25,16,-7.3,2.0,-5.3,-1.6,-3.7
NP,4,7,24,27,16,16,19,0.4,2.2,2.6,4.9,-2.3
NP,7,3,26,26,16,14,13,-0.8,0.5,-0.4,3.4,-3.7
NP,8,12,28,27,24,23,21,-6.5,2.2,-4.3,4.2,-8.6
NP,21,19,28,28,28,26,25,-14.3,-0.8,-15.1,-2.2,-12.9
MP,13,7,9,3,22,12,3,3.6,0.1,3.8,1.8,1.9
NP,21,15,17,5,30,17,5,-0.9,1.7,0.8,0.2,0.7
MP,2,4,8,2,10,3,3,10.6,0.4,11.0,6.7,4.3
NP,21,16,28,13,32,27,16,-5.8,0.3,-5.5,-2.5,-3.1
NP,20,12,25,24,20,19,16,-3.3,0.4,-2.9,-0.8,-2.1
NP,27,31,32,32,24,31,32,-10.7,-0.5,-11.2,-3.7,-7.5
NP,32,31,18,29,22,31,32,-9.3,3.8,-5.5,-6.0,0.5
NP,25,20,10,5,6,22,15,-2.1,1.2,-1.0,-3.0,2.1
MP,11,24,3,5,4,3,14,8.4,1.8,10.1,3.5,6.6
MP,11,11,2,3,8,4,3,7.8,2.5,10.2,3.5,6.7
MP,11,26,2,4,1,4,14,9.4,-1.1,8.3,1.7,6.6
NP,24,24,16,13,15,20,21,-2.6,-3.3,-5.8,-4.7,-1.1
NP,18,27,4,15,5,13,24,3.1,-3.0,0.1,-2.9,3.0
NP,22,23,23,13,31,23,23,-2.6,-2.7,-5.3,-2.9,-2.4
NP,32,32,20,25,30,29,32,-9.1,-2.9,-11.9,-9.9,-2.0
NP,24,26,32,26,23,29,27,-7.1,-1.6,-8.7,-3.5,-5.2
NP,30,32,30,32,27,32,32,-11.8,0.7,-11.1,-5.6,-5.5
NP,30,26,32,24,31,32,30,-12.1,-1.6,-13.6,-5.1,-8.6
NP,9,5,21,13,4,13,6,2.9,0.1,3.1,3.0,0.1
MP,13,8,18,14,8,17,10,1.0,-0.4,0.6,0.7,-0.1
MP,3,4,9,13,3,5,3,7.9,-1.1,6.8,4.2,2.7
NP,6,4,28,29,13,21,14,-2.1,-1.7,-3.8,1.7,-5.5
NP,22,10,30,28,29,28,22,-9.9,-1.5,-11.3,-4.5,-6.8
MP,3,1,13,23,11,4,1,9.4,1.2,10.6,8.8,1.8
MP,5,12,3,1,2,4,2,6.9,-1.8,5.1,2.4,2.7
MP,3,6,4,7,6,3,4,8.8,-0.8,8.0,3.7,4.3
MP,1,2,2,1,5,1,1,12.4,-0.7,11.8,6.5,5.3
MP,1,2,6,8,3,1,1,13.1,-1.4,11.6,9.9,1.7
MP,1,1,16,15,14,1,1,11.1,-1.5,9.7,9.9,-0.3
MP,1,1,3,15,7,1,3,12.2,-0.4,11.8,7.3,4.5
NP,3,3,4,6,19,2,2,9.6,1.2,10.9,6.6,4.3
MP,8,2,2,3,9,3,1,7.1,-1.4,5.8,1.2,4.6
MP,1,1,3,4,2,1,1,11.8,-1.1,10.7,5.8,4.9
MP,7,2,8,3,4,6,2,4.7,0.1,4.8,3.1,1.7
MP,1,1,3,1,3,1,1,13.7,-0.4,13.3,8.9,4.4
MP,7,3,3,6,1,3,3,7.9,-0.9,7.0,2.6,4.4
MP,5,2,2,14,11,2,7,9.3,-0.5,8.8,4.6,4.2
MP,2,2,1,10,3,1,4,15.5,-2.8,12.7,7.4,5.4
MP,4,4,4,10,6,2,4,8.7,0.0,8.7,5.7,3.0
NP,7,3,23,21,25,12,9,0.3,-2.8,-2.4,0.3,-2.8
MP,7,13,2,2,1,3,3,6.7,-0.5,6.2,1.3,5.0
NP,12,12,26,27,20,24,22,-5.9,-0.3,-6.3,-1.2,-5.1
NP,16,6,27,20,19,27,10,-6.8,-0.7,-7.4,-1.3,-6.1
NP,28,27,23,21,28,27,27,-8.2,-0.9,-9.1,-4.6,-4.5
NP,19,22,20,3,21,19,12,-2.9,-0.9,-3.8,-1.1,-2.7
NP,13,18,3,2,22,10,12,5.7,-1.9,3.8,-1.3,5.0
NP,16,16,14,10,25,14,13,-2.2,-2.5,-4.7,-2.2,-2.5
NP,19,14,11,12,16,15,13,-0.7,-1.8,-2.6,-2.1,-0.5
NP,14,8,19,20,20,16,14,-4.1,3.9,-0.2,1.4,-1.6
MP,4,8,9,14,15,5,11,7.4,-1.0,6.4,4.9,1.5
MP,9,3,6,6,21,7,3,6.0,0.3,6.3,2.4,3.8
MP,1,2,14,13,1,6,7,6.1,0.4,6.5,6.4,0.1
NP,10,2,10,7,9,11,3,-3.0,2.7,-0.3,0.9,-1.2
NP,6,3,9,7,11,8,5,-0.5,1.8,1.3,2.5,-1.2
NP,11,7,10,9,13,14,7,-4.6,1.5,-3.0,-1.0,-2.0
MP,3,7,8,6,6,4,4,8.6,0.8,9.4,6.5,2.8
MP,2,2,5,13,6,4,2,9.3,-0.7,8.6,7.3,1.3
NP,14,10,21,20,24,20,18,-2.8,-0.7,-3.5,-0.2,-3.4
NP,21,23,27,26,24,26,27,-9.6,2.2,-7.4,-1.9,-5.5
NP,19,27,20,16,11,24,25,-4.9,-0.8,-5.8,-3.1,-2.7
NP,29,27,12,27,21,26,30,-6.1,1.1,-5.0,-6.9,1.9
NP,30,28,8,11,21,25,24,-4.5,1.5,-3.0,-5.9,2.9
MP,23,29,2,3,12,12,18,2.3,0.5,2.7,-2.4,5.1
NP,18,22,5,2,21,12,9,1.2,0.1,1.3,-2.3,3.5
MP,27,28,3,3,17,14,19,2.2,0.4,2.6,-4.1,6.7
NP,23,25,26,22,25,26,25,-8.7,1.1,-7.6,-3.3,-4.3
NP,26,20,20,21,17,26,23,-6.3,0.0,-6.2,-5.4,-0.8
NP,30,28,27,27,22,29,27,-9.8,4.1,-5.6,-4.6,-1.1
NP,20,19,9,17,5,15,16,1.4,-2.0,-0.6,-1.0,0.4
NP,27,21,32,30,32,31,31,-12.9,2.3,-10.6,-4.0,-6.6
NP,13,9,23,29,12,17,21,-0.3,0.3,0.0,1.3,-1.3
MP,18,18,3,2,4,9,6,4.0,-2.8,1.2,-2.3,3.6
NP,19,14,10,9,11,15,10,2.4,-0.1,2.3,-0.6,2.9
NP,30,32,21,17,7,28,30,-6.3,3.6,-2.7,-2.9,0.3
NP,31,29,21,17,30,31,29,-8.9,0.9,-7.9,-7.2,-0.8
NP,23,22,9,5,24,17,12,-0.2,-2.5,-2.7,-4.0,1.3
NP,28,28,12,13,17,26,28,-8.6,-2.2,-10.7,-11.1,0.3
MP,15,26,8,6,2,10,15,2.8,1.3,4.0,0.7,3.3
MP,18,24,1,1,1,2,4,9.4,-0.6,8.8,-1.0,9.8
NP,18,10,4,5,10,14,4,2.3,-0.7,1.6,-2.9,4.5
MP,6,21,7,9,3,4,19,7.4,-0.1,7.3,3.4,3.9
NP,29,30,25,25,26,28,31,-8.3,-1.5,-9.8,-6.5,-3.3
MP,20,23,8,1,9,14,16,1.6,-2.6,-1.0,-2.8,1.8
NP,28,28,27,24,24,28,28,-20.5,0.8,-19.7,-10.8,-8.8
NP,22,17,19,13,26,25,15,-5.6,1.5,-4.1,-1.9,-2.2
NP,16,22,27,17,16,24,21,-6.2,1.1,-5.1,-0.4,-4.7
NP,25,24,22,24,12,25,26,-6.4,-0.7,-7.1,-4.0,-3.2
NP,26,26,25,11,27,26,26,-10.4,-0.8,-11.1,-7.0,-4.2
NP,21,16,25,25,11,26,17,-6.1,0.3,-5.9,-2.0,-3.9
NP,27,28,22,16,10,27,26,-8.7,-0.3,-9.0,-7.5,-1.6
NP,25,28,7,4,8,17,22,-1.1,-2.2,-3.3,-4.1,0.8
MP,21,14,1,1,16,9,5,2.3,-5.1,-2.8,-4.6,1.8
NP,23,15,20,20,25,22,18,-4.4,-0.7,-5.1,-3.5,-1.6
MP,18,18,4,13,2,12,17,2.9,0.1,3.0,-1.4,4.4
MP,18,13,16,3,19,19,4,-2.2,3.1,0.9,-0.4,1.3
NP,20,5,26,10,22,25,7,-4.7,-3.0,-7.7,-3.5,-4.2
NP,18,18,15,23,13,23,27,-0.9,0.7,-0.2,-1.5,1.3
NP,18,9,22,32,16,18,18,-2.9,1.7,-1.3,0.4,-1.7
NP,12,3,31,27,31,23,9,-4.3,1.7,-2.6,2.0,-4.6
NP,3,3,29,15,28,13,6,0.6,-0.2,0.4,4.9,-4.5
NP,26,27,28,28,22,28,28,-14.6,-0.8,-15.4,-4.6,-10.8
MP,15,17,6,12,20,11,15,3.8,-0.4,3.4,1.8,1.6
MP,4,2,24,28,1,12,16,3.3,-1.7,1.6,4.7,-3.1
MP,10,12,12,21,9,8,15,4.4,-1.0,3.4,1.8,1.7
NP,27,25,3,8,21,15,25,0.4,-0.2,0.2,-3.2,3.5
MP,19,23,17,13,23,16,17,-1.4,-2.1,-3.5,-2.0,-1.5
NP,14,11,16,20,17,20,17,0.2,-1.2,-1.0,0.7,-1.7
NP,28,30,27,12,30,30,25,-7.8,-2.8,-10.5,-5.9,-4.6
NP,30,29,29,27,28,31,29,-11.5,-0.3,-11.8,-7.0,-4.9
NP,19,22,16,14,14,19,18,-1.2,0.4,-0.8,-0.2,-0.6
NP,23,26,32,27,22,28,30,-8.8,-1.2,-10.0,-2.6,-7.4
NP,21,17,8,18,13,17,20,0.5,-1.5,-1.0,-2.2,1.2
NP,17,27,15,26,19,16,29,1.1,0.0,1.0,-0.9,1.9
NP,16,12,28,28,21,21,21,-3.0,0.2,-2.8,0.9,-3.6
MP,14,21,2,7,2,1,15,8.8,0.1,8.9,1.5,7.5
MP,22,21,8,5,16,16,12,0.3,0.5,0.7,-2.9,3.6
NP,16,27,31,32,13,26,31,-4.8,3.5,-1.3,1.0,-2.3
NP,21,17,29,19,20,29,21,-7.6,0.1,-7.6,-2.0,-5.5
NP,15,11,30,27,20,27,21,-5.9,1.5,-4.4,0.3,-4.6
MP,5,8,13,12,3,4,9,6.9,-0.5,6.5,7.0,-0.5
MP,13,17,11,10,11,11,15,2.7,-0.9,1.8,1.6,0.1
NP,12,8,25,25,20,22,18,-3.3,1.2,-2.0,2.4,-4.4
MP,13,14,2,1,16,3,2,9.7,-1.3,8.3,1.5,6.8
MP,7,13,15,17,2,6,17,4.3,-3.2,1.0,2.0,-1.0
NP,13,9,12,16,15,13,13,0.6,-0.6,0.0,-0.5,0.5
NP,14,18,12,22,9,13,20,1.4,0.2,1.7,-0.3,1.9
NP,10,18,16,6,20,11,8,1.6,-0.7,1.0,0.1,0.8
NP,15,23,7,5,14,11,11,1.5,-0.7,0.8,-0.1,0.9
NP,28,26,21,9,26,27,21,-7.9,0.6,-7.3,-4.7,-2.6
MP,4,3,4,14,18,3,3,8.1,-0.9,7.2,4.1,3.1
MP,6,3,9,3,19,7,2,5.9,-0.3,5.5,3.0,2.6
MP,4,2,6,9,17,4,3,8.4,-0.1,8.4,4.9,3.4
MP,2,1,14,11,16,5,2,6.1,-0.9,5.2,4.9,0.3
MP,7,9,26,13,14,18,12,-2.9,0.4,-2.5,2.8,-5.3
MP,2,14,22,8,6,8,9,3.7,-0.7,3.0,5.3,-2.3
MP,10,8,19,17,15,13,10,-0.3,2.2,1.9,3.2,-1.2
NP,23,16,16,13,24,21,14,-3.4,-0.5,-3.9,-4.4,0.4
NP,25,24,23,27,16,24,28,-8.0,-0.9,-8.9,-4.9,-4.0
NP,27,23,26,27,20,26,25,-12.3,0.3,-12.0,-5.9,-6.0
NP,22,24,27,22,25,28,23,-10.8,-0.8,-11.5,-3.7,-7.9
NP,24,28,27,28,26,27,28,-12.1,1.1,-11.0,-3.9,-7.1
NP,23,27,18,24,22,24,27,-4.6,-0.1,-4.7,-3.1,-1.6
MP,20,4,2,5,21,11,4,2.8,-1.1,1.6,-2.7,4.4
MP,8,22,16,13,2,10,15,1.9,2.4,4.4,2.9,1.4
MP,14,16,16,17,19,15,16,-0.9,0.5,-0.4,-0.6,0.2
NP,5,18,14,14,3,7,18,4.9,1.7,6.6,4.4,2.3
NP,22,24,17,10,20,18,18,-3.6,1.9,-1.8,-2.7,1.0
NP,12,19,5,11,6,10,16,4.8,1.6,6.4,1.2,5.2
NP,17,24,18,22,9,18,25,-3.3,1.4,-1.9,-1.3,-0.6
NP,23,24,26,24,26,26,26,-17.7,1.0,-16.8,-4.4,-12.4
NP,25,26,25,23,20,25,25,-15.4,2.4,-13.0,-7.1,-5.9
NP,16,22,22,9,24,19,17,-5.6,-1.1,-6.7,-3.0,-3.8
NP,20,10,25,25,24,24,21,-9.6,0.4,-9.2,-3.5,-5.8
MP,7,5,5,3,8,5,3,-0.1,-1.1,-1.2,-2.1,0.9
NP,5,5,3,2,7,5,4,3.9,-0.8,3.1,-1.0,4.1
MP,6,8,1,5,2,3,7,4.2,-1.6,2.6,-5.7,8.3
NP,23,21,25,22,24,25,24,-5.8,1.6,-4.2,-2.7,-1.5
MP,25,30,4,2,23,14,13,0.4,-1.2,-0.8,-4.1,3.2
NP,32,31,27,27,13,31,32,-10.6,-0.2,-10.8,-6.3,-4.5
NP,29,28,15,17,8,25,28,-4.9,-0.1,-4.9,-5.6,0.6
NP,16,16,27,21,23,17,22,-2.9,1.6,-1.3,0.5,-1.8
NP,12,3,19,28,17,18,9,0.8,1.2,2.0,3.3,-1.3
MP,10,17,17,28,10,14,23,0.6,-2.5,-1.9,-0.2,-1.8
NP,26,13,29,20,30,29,17,-8.6,-0.2,-8.7,-4.0,-4.7
NP,23,9,30,18,25,30,11,-9.0,-0.3,-9.3,-3.9,-5.4
MP,4,5,22,28,3,12,13,3.0,0.4,3.4,4.6,-1.2
NP,26,16,21,13,30,24,16,-4.9,0.8,-4.1,-4.3,0.2
NP,25,18,21,31,19,27,26,-4.7,0.9,-3.8,-3.4,-0.5
NP,26,22,18,10,28,24,18,-4.4,-0.2,-4.6,-5.5,1.0
NP,28,19,6,4,17,22,12,-1.9,0.2,-1.8,-5.8,4.1
MP,18,15,11,8,21,12,9,1.5,3.0,4.5,0.2,4.3
NP,20,13,27,31,23,24,23,-4.3,0.3,-4.0,-2.1,-2.0
MP,13,11,9,9,14,11,9,4.1,1.9,6.0,2.6,3.4
NP,31,30,5,3,20,19,14,-1.6,-1.8,-3.4,-7.4,4.0
NP,22,23,24,25,10,25,27,-5.3,-0.4,-5.7,-1.9,-3.8
NP,25,20,21,5,29,26,14,-3.6,-0.8,-4.5,-2.2,-2.2
NP,28,28,13,10,11,20,23,-2.9,-0.7,-3.7,-4.0,0.4
NP,24,11,7,4,16,16,6,0.8,0.2,1.0,-2.9,3.8
MP,2,2,24,30,4,8,11,4.1,-1.3,2.9,6.8,-3.9
NP,17,15,28,24,24,27,19,-6.4,-1.1,-7.5,-1.5,-6.0
NP,15,16,8,16,14,11,13,2.4,-1.1,1.3,-0.6,1.8
NP,8,9,13,28,4,8,23,3.3,-1.4,1.8,2.3,-0.4
NP,18,18,21,18,6,21,18,-2.1,0.1,-1.9,-0.8,-1.2
NP,13,17,28,26,27,25,27,-5.8,-0.3,-6.1,0.3,-6.4
NP,25,26,23,26,14,24,28,-7.2,0.7,-6.5,-3.8,-2.7
MP,14,12,8,7,3,12,9,2.8,1.6,4.4,0.7,3.8
MP,1,4,2,3,1,1,1,16.3,0.3,16.6,11.7,4.9
MP,4,4,13,14,6,8,4,5.0,0.4,5.4,4.6,0.8
NP,5,2,13,9,12,9,2,4.9,-0.9,4.0,3.8,0.2
NP,10,6,26,16,28,17,8,-2.6,0.4,-2.2,1.2,-3.4
MP,4,3,6,18,16,4,8,6.3,-2.5,3.8,1.8,2.0
MP,9,5,9,21,17,8,8,4.5,1.0,5.5,3.5,2.1
NP,20,14,11,3,21,17,4,-0.9,-1.0,-1.9,-3.4,1.5
MP,3,9,11,18,4,4,17,7.3,-0.9,6.4,5.0,1.3
MP,1,3,11,12,1,1,3,13.1,0.9,13.9,11.7,2.2
MP,12,7,1,4,2,5,6,6.9,0.5,7.4,2.2,5.2
NP,10,9,16,10,16,16,12,-0.1,1.1,1.0,2.2,-1.2
NP,25,23,8,7,4,17,11,-2.0,0.9,-1.1,-4.4,3.3
NP,10,18,10,17,1,8,18,3.3,-0.8,2.5,0.9,1.5
NP,17,19,10,17,22,11,19,-0.6,0.2,-0.4,-1.1,0.7
NP,21,20,4,19,11,13,20,0.5,-1.0,-0.5,-3.1,2.6
MP,11,17,9,13,11,11,14,5.3,-2.3,3.0,1.2,1.8
NP,10,8,11,15,18,12,12,3.5,-0.7,2.8,2.6,0.3
MP,4,12,4,2,1,2,3,8.9,1.4,10.2,5.7,4.5
MP,6,18,6,9,4,6,12,9.1,-1.7,7.4,1.2,6.2
MP,7,11,3,4,7,3,5,8.4,-2.1,6.3,2.7,3.7
MP,12,13,4,4,9,6,6,6.1,-1.0,5.1,-0.6,5.8
NP,11,9,21,24,9,17,17,-1.2,4.2,3.0,3.6,-0.6
NP,7,8,10,12,8,9,9,-0.9,-2.1,-3.0,-1.0,-2.0
NP,11,13,14,14,10,13,15,-7.8,-0.5,-8.3,-3.1,-5.2
NP,5,2,11,15,5,8,11,-0.4,-1.7,-2.1,1.3,-3.4
